event_id,event_date,title,location_description,region,landslide_category,trigger,size,fatality_count,latitude,longitude,source_name
1055,2009-07-22,"Kerseong, West Bengal","Kerseong, West Bengal",Bengal,landslide,downpour,medium,0,26.8826,88.2788,One India
1054,2009-07-22,"Gayabari,  West Bengal","Gayabari,  West Bengal",Bengal,landslide,downpour,medium,0,26.8572,88.3143,One India
1061,2009-01-07,Bridge destroyed at 4th Mile,"4th Mile, Lower Mangshila in North Sikkim",,landslide,downpour,medium,0,27.478,88.527,Telegraph India
2164,2010-07-29,"Chingai-Kuingai(Quingai) route (16 kms), Chingai subdivision, Ukhrul district, Manipur","Chingai-Kuingai(Quingai) route (16 kms), Chingai subdivision, Ukhrul district, Manipur",Manipur,landslide,downpour,medium,0,25.30986,94.48215,E-Pao
3821,2011-07-21,"Kumaon, Uttarakhand","Kumaon, Uttarakhand",Uttarakhand,landslide,rain,medium,1,29.7334,79.6367,ibnlive.in
37,2007-03-19,Doba,Doba,Kashmir,landslide,rain,medium,2,33.8778,74.3333,Tribune India.com
3669,2011-06-29,"National Highway leading to Gangotri, from Dehradun","National Highway leading to Gangotri, from Dehradun",Uttarakhand,landslide,downpour,medium,0,30.7666,78.7963,IBN
3750,2011-09-07,Gangotri,Gangotri,Uttarakhand,landslide,downpour,medium,0,30.7652,78.5925,ibnlive.in
3751,2011-09-07,Kedarnath,Kedarnath,Uttarakhand,landslide,downpour,medium,0,30.7331,79.0685,ibnlive.in
3752,2011-09-07,Yamunotri,Yamunotri,Uttarakhand,landslide,downpour,medium,0,31.0188,78.4129,ibnlive.in
3819,2011-07-21,"Chamoli , Uttarakhand","Chamoli , Uttarakhand",Uttarakhand,landslide,rain,medium,1,30.4043,79.3318,ibnlive.in
4565,2012-09-18,"Jatog and Kaithlighat railway stations, Kaithleeghat, Himachal Pradesh","Jatog and Kaithlighat railway stations, Kaithleeghat, Himachal Pradesh",Himachal Pradesh,landslide,downpour,medium,0,31.0226,77.1029,Hindustan Times
4569,2012-09-19,"North Skkimm Hwy between, Chungthang and Mangan, North Skimm (9 landslides)","North Skkimm Hwy between, Chungthang and Mangan, North Skimm (9 landslides)",,landslide,downpour,large,20,27.8385,88.556,Hindustan Times
4571,2012-09-19,"Chungthang and Pegong. Houses, between Rangma and Chungthang","Chungthang and Pegong. Houses, between Rangma and Chungthang",,landslide,downpour,large,0,27.6558,88.605,Hindustan Times
4929,2013-06-16,"Rishikesh-Joshimath-Mana Road, Uttarakhand","Rishikesh-Joshimath-Mana Road, Uttarakhand",Uttarakhand,landslide,rain,medium,0,30.4954,78.3881,The Indian EXPRESS
4930,2013-06-16,"Dharasu-Gangotri Road, Uttarakhand","Dharasu-Gangotri Road, Uttarakhand",Uttarakhand,landslide,rain,medium,0,30.885,78.6695,The Indian EXPRESS
4931,2013-06-16,"Pithoragarh-Ghatiabgarh Road, Uttarakhand","Pithoragarh-Ghatiabgarh Road, Uttarakhand",Uttarakhand,landslide,rain,medium,0,29.7986,80.417,The Indian EXPRESS
4982,2013-06-25,"Thenpara, Kerala-Tamil Nadu Inter-State Highway, Nadukani Ghat Road Connecting Nilambur With Gudallur In Tamilnadu","Thenpara, Kerala-Tamil Nadu Inter-State Highway, Nadukani Ghat Road Connecting Nilambur With Gudallur In Tamilnadu",Tamil Nādu,landslide,downpour,medium,0,10.9628,77.5947,timesofindia.indiatimes.com
4983,2013-06-25,"Jaram, Kerala-Tamil Nadu Inter-State Highway, Nadukani Ghat Road Connecting Nilambur With Gudallur In Tamilnadu","Jaram, Kerala-Tamil Nadu Inter-State Highway, Nadukani Ghat Road Connecting Nilambur With Gudallur In Tamilnadu",Tamil Nādu,landslide,downpour,medium,0,10.9628,77.5947,timesofindia.indiatimes.com
5122,2013-07-17,"National Highway 29 Between Patkai Bridge And Kukidolong, Nagaland","National Highway 29 Between Patkai Bridge And Kukidolong, Nagaland",Nāgāland,mudslide,rain,medium,0,25.7658,93.9413,The Hindu
5123,2013-07-17,"National Highway 2 Near Meriema Village, 10 Km Away From Kohima","National Highway 2 Near Meriema Village, 10 Km Away From Kohima",Nāgāland,mudslide,rain,medium,0,25.7131,94.0885,The Hindu
7176,2015-02-04,Frasthar,Frasthar,Kashmir,landslide,continuous_rain,medium,0,34.1587,74.4725,The Northlines
143,2007-07-28,Vasco,Vasco,Goa,landslide,rain,medium,0,15.4014,73.8277,Oheraldo news
3659,2011-06-27,Madikeri-Mangalore highway,Madikeri-Mangalore highway,Karnataka,landslide,rain,medium,0,12.6771,75.2565,Times of India
1097,2009-08-17,Pithoragarh district,Pithoragarh district,Uttarakhand,landslide,continuous_rain,medium,0,29.4085,80.1327,samaylive
7370,2015-01-08,between Moltuk to New Songjang village,between Moltuk to New Songjang village,Manipur,landslide,continuous_rain,medium,0,24.1419,94.1078,E-PAO
4928,2013-06-16,"Rudraprayag-Gaurikund Road, Uttarakhand","Rudraprayag-Gaurikund Road, Uttarakhand",Uttarakhand,landslide,rain,medium,0,30.4619,79.0765,The Indian EXPRESS
4445,2012-05-07,"Badrinath Rd,  Rishikesh, Uttarakhand","Badrinath Rd,  Rishikesh, Uttarakhand",Uttarakhand,landslide,downpour,large,1,30.1281,78.3221,dailypioneer
2118,2010-07-22,"near Panthal, between Ramban and Ramsu(?), on Jammu-Srinagar hwy, Jammu and Kashmir","near Panthal, between Ramban and Ramsu(?), on Jammu-Srinagar hwy, Jammu and Kashmir",Kashmir,landslide,downpour,medium,0,33.3893,75.203,dnaindia
2502,2010-09-25,"Dharam-Tharad area(?), Ramban district","Dharam-Tharad area(?), Ramban district",Kashmir,landslide,downpour,medium,0,33.241,75.2382,thehindu
5635,2013-11-13,"Karakkamandapam, Kerala","Karakkamandapam, Kerala",Kerala,landslide,downpour,medium,0,8.4557,77.009,www.deccanchronicle.com
5084,2013-12-07,"National Highway 2 Near Phesama Village Close To Kisama Naha Heritage Site, Kohima District, Nagaland","National Highway 2 Near Phesama Village Close To Kisama Naha Heritage Site, Kohima District, Nagaland",Nāgāland,landslide,downpour,medium,0,25.616,94.1167,www.assamtribune.com
3618,2011-06-17,"Nathpa village, Kinnaur District, Himachal Pradesh","Nathpa village, Kinnaur District, Himachal Pradesh",Himachal Pradesh,landslide,downpour,medium,0,31.5639,77.9798,ibnlive.in
7726,2015-08-22,Shimla-Kalka National Highway near Shoghi,Shimla-Kalka National Highway near Shoghi,Himachal Pradesh,landslide,downpour,medium,0,31.0365,77.1213,Tribune
5225,2013-07-28,"Bhatwari Area Of Uttarkashi Districti, Uttarakhand","Bhatwari Area Of Uttarkashi Districti, Uttarakhand",Uttarakhand,mudslide,downpour,small,1,30.819,78.6149,ibnlive.in.com
3986,2011-09-25,"Singamari, Darhelling, West Bengal","Singamari, Darhelling, West Bengal",Bengal,landslide,downpour,medium,0,27.0605,88.255,articles.timesofindia
2566,2010-08-10,"Sahong, Tabu and Pani village under Tadubi police station of Senapati district, NH-39","Sahong, Tabu and Pani village under Tadubi police station of Senapati district, NH-39",Nāgāland,mudslide,downpour,medium,0,25.4769,94.1351,e-pao.net
1050,2009-03-07,Darjeeling (between Tin Dharia and Rongtong),Darjeeling (between Tin Dharia and Rongtong),Bengal,landslide,rain,medium,0,26.87324,88.29184,beacononline.wordpress
2226,2010-09-08,Kishtwār : One person was killed and seven others were injured in a landslide triggered by heavy rains in the remote area of Kishtwar district in Jam*,,Kashmir,landslide,downpour,medium,1,33.334,75.7627,thehindu
3116,2011-02-13,"Srinagar-Jammu Natl. Hwy., at Panthal, Srinagar, Jammu and Kashmir","Srinagar-Jammu Natl. Hwy., at Panthal, Srinagar, Jammu and Kashmir",Kashmir,landslide,rain,medium,0,33.33876,75.19211,Daily News and Analysis
1988,2010-06-15,"Khandala, on Mumbai-Pune Expressway","Khandala, on Mumbai-Pune Expressway",Maharashtra,landslide,downpour,small,0,18.7624,73.3747,punemirror
4139,2012-12-01,"Shatani Nallah, Ramban District","Shatani Nallah, Ramban District",Kashmir,landslide,downpour,medium,0,33.2407,75.2373,thehindu
1109,2009-08-20,Lumding-Badarpur section in North Cachar Hills district,Lumding-Badarpur section in North Cachar Hills district,Assam,landslide,downpour,medium,0,25.5215,93.1645,prokerala
7196,2015-12-07,Between Batote and Ramban,Between Batote and Ramban,Kashmir,landslide,continuous_rain,medium,0,33.2049,75.2845,Kashmir Times
3128,2011-02-16,"near Ramban, Jammu-Srinagar hwy, Jammu and Kashmir","near Ramban, Jammu-Srinagar hwy, Jammu and Kashmir",Kashmir,landslide,downpour,medium,0,33.2609,75.244,greaterkashmir
3777,2011-07-15,Rahni,Rahni,Himachal Pradesh,landslide,downpour,medium,1,32.3491,77.2181,articles.timesofindia
2206,2010-06-08,"villages Shapoo(?), Bazgo(?) and wide area around Leh, Ladakh, Jammu and Kashmir","villages Shapoo(?), Bazgo(?) and wide area around Leh, Ladakh, Jammu and Kashmir",Kashmir,landslide,downpour,very_large,234,34.1416,77.4871,alertnet
1961,2010-09-06,"Ishok Chingphu(?), Bishnupur, Assam","Ishok Chingphu(?), Bishnupur, Assam",Meghālaya,landslide,downpour,medium,0,25.8833,91.2,e-pao.net
595,2008-06-20,Kurseong sub division,Kurseong sub division,Bengal,landslide,rain,medium,0,26.885,88.2778,thestatesman
9474,2016-07-08,"Parmandal, Jammu","Parmandal, Jammu",Kashmir,landslide,continuous_rain,medium,1,32.6987,75.0582,The Indian Express
9199,2016-08-06,"Srinagar-Leh highway in Shutkady near Sonamarg, Ganderbal district, Jammu and Kashmir, India","Srinagar-Leh highway in Shutkady near Sonamarg, Ganderbal district, Jammu and Kashmir, India",Kashmir,landslide,downpour,medium,0,34.2952,75.3226,Daily kashmir Images
2578,2010-09-10,"NH-39 in Karong area, Manipur","NH-39 in Karong area, Manipur",Nāgāland,landslide,downpour,medium,0,25.3179,94.0462,e-pao
322,2007-10-21,National Highway 53 at Nungba in Tamenglong district of Manipur,National Highway 53 at Nungba in Tamenglong district of Manipur,Assam,landslide,rain,medium,0,24.75,93.4333,Hmar.net
5552,2013-09-24,"Ukhrul, Manipur","Ukhrul, Manipur",Manipur,landslide,unknown,medium,0,25.0985,94.3619,www.morungexpress.com
3707,2011-03-07,Blocked the track between Railpathri and Baltal,Blocked the track between Railpathri and Baltal,Kashmir,landslide,rain,medium,0,34.1601,75.496,ibnlive.in
3621,2011-06-17,"St Mary's Hill, 3 km from Kurseong, West Bengal","St Mary's Hill, 3 km from Kurseong, West Bengal",Bengal,mudslide,downpour,large,4,26.88,88.28,articles.timesofindia
2241,2010-08-13,"Gangotree national highway near Bhatvaree, Uttarkashi district","Gangotree national highway near Bhatvaree, Uttarkashi district",Uttarakhand,landslide,downpour,medium,0,30.802,78.61786,Samachar Today
3562,2011-01-06,"Kottayam-Kattapana road, at Ellapara(Elappara) village, Idukki, Kerala","Kottayam-Kattapana road, at Ellapara(Elappara) village, Idukki, Kerala",Kerala,landslide,downpour,medium,0,9.6326,76.9792,ibnlive.in
3250,2011-03-19,"Jammu-Srinagar hwy, Digdol, Ramban, Jammu and Kashmir","Jammu-Srinagar hwy, Digdol, Ramban, Jammu and Kashmir",Kashmir,landslide,downpour,medium,0,33.3308,75.1773,pakistantimes
9356,2016-02-08,"Malshej ghat, Maharashtra, India","Malshej ghat, Maharashtra, India",Maharashtra,rock_fall,monsoon,medium,0,19.3421,73.7735,Indian Express
5208,2013-07-26,Rishikesh-Badrinath Highway Near Kaleshwar,Rishikesh-Badrinath Highway Near Kaleshwar,Uttarakhand,landslide,rain,medium,0,30.2835,79.2498,www.business-standard.com
5053,2013-07-07,"Mandi-Pathankot Highway At Gumma In Mandi, Himachal Pradesh","Mandi-Pathankot Highway At Gumma In Mandi, Himachal Pradesh",Himachal Pradesh,landslide,downpour,medium,0,31.9671,76.8521,articles.timesofindia.indiatimes.com
1993,2010-06-16,"Kurseong sub-division, Road between Kurseong and New Jalpaiguri","Kurseong sub-division, Road between Kurseong and New Jalpaiguri",Bengal,landslide,downpour,medium,0,26.8073,88.3162,sify.com
6928,2015-03-31,Joshimath-Mallari road,Joshimath-Mallari road,Uttarakhand,landslide,construction,medium,4,30.6145,79.8102,Indian Express
7031,2015-05-24,"Bop, Sikkim","Bop, Sikkim",Sikkim,landslide,unknown,medium,0,27.6163,88.6586,The Olympian
9351,2016-07-03,Chhindwara,Chhindwara,Madhya Pradesh,landslide,unknown,medium,3,22.1337,78.8979,DNA
7932,2016-06-28,"PHC Cansaulim, Goa, India","PHC Cansaulim, Goa, India",Goa,landslide,downpour,small,0,15.3455,73.8976,The Times Of India
4535,2012-03-09,"Chembur, Mumbai, Maharashtra","Chembur, Mumbai, Maharashtra",Maharashtra,landslide,downpour,medium,0,19.0397,72.907,dna
4514,2012-08-24,"Mandi, Himachal Pradesh,","Mandi, Himachal Pradesh,",Himachal Pradesh,landslide,downpour,medium,0,31.709,76.9312,business-standard
7084,2015-06-07,"Mall Rd, Nainital","Mall Rd, Nainital",Uttarakhand,landslide,downpour,medium,0,29.393,79.4525,The New India Express
4498,2012-08-18,Kullu-Manali-Rohtang,Kullu-Manali-Rohtang,Himachal Pradesh,landslide,downpour,medium,0,32.1797,77.1947,ibnlive.in
1157,2009-12-09,Kalka-Shimla toy train track near Kaithlighat,Kalka-Shimla toy train track near Kaithlighat,Himachal Pradesh,landslide,downpour,small,0,31.1032,77.1625,northindiatimes
2460,2010-09-19,"roads to Manali, Himachal Pradesh","roads to Manali, Himachal Pradesh",Himachal Pradesh,landslide,downpour,medium,0,31.9843,77.1889,tribuneindia
2025,2010-06-28,"Police CID complex(?), Shillong, Meghalaya","Police CID complex(?), Shillong, Meghalaya",Meghālaya,landslide,downpour,medium,1,25.5728,91.885,hindustantimes
9405,2016-04-19,"Techahan Ward, Mon, Nagaland, India","Techahan Ward, Mon, Nagaland, India",Nagaland,landslide,continuous_rain,medium,0,26.7223,95.0243,Assam Tribune
6962,2015-06-18,Dhaktebhat in Dongri village of St Andre constituency,Dhaktebhat in Dongri village of St Andre constituency,Goa,landslide,continuous_rain,medium,0,15.4465,73.927,Goa
1908,2010-05-27,"Tyakshi(?) village near Turtuk(Nubra Valley) on Leh-Saichen(Siachan) rd, Jammu and kashmir","Tyakshi(?) village near Turtuk(Nubra Valley) on Leh-Saichen(Siachan) rd, Jammu and kashmir",Kashmir,landslide,rain,medium,0,34.5628,77.6001,deccanchronicle
5343,2013-08-17,The Imphal-Jiribam Section Of Nh-37 In Tamenglong District,The Imphal-Jiribam Section Of Nh-37 In Tamenglong District,Assam,landslide,continuous_rain,medium,0,24.7625,93.4341,www.nagalandpost.com
6971,2015-09-06,"Itanagar, Arunachal Pradesh","Itanagar, Arunachal Pradesh",Arunachal Pradesh,landslide,continuous_rain,medium,2,27.0987,93.816,First Post
57,2007-11-04,"Sikkim, 13 km north of Gangtok","Sikkim, 13 km north of Gangtok",,landslide,downpour,medium,0,27.4459,88.6193,WebIndia123.com
1611,2010-01-04,"Paglanala village, Dholai Block, near Dwarbandh locality of the district, Cachar district (could only find district) 45 km from Silchar, Assam","Paglanala village, Dholai Block, near Dwarbandh locality of the district, Cachar district (could only find district) 45 km from Silchar, Assam",Assam,landslide,downpour,medium,3,25.1553,93.028,en.apa
3905,2011-10-08,Chardham yatra,Chardham yatra,Uttarakhand,landslide,rain,medium,0,30.2828,78.3041,hindustantimes
2015,2010-06-25,"hill(?) in Valmik Nagar, Kurla (Valmikinagar), Mumbai","hill(?) in Valmik Nagar, Kurla (Valmikinagar), Mumbai",Maharashtra,landslide,downpour,medium,0,19.069,72.8703,hindustantimes
3749,2011-09-07,Badrinath,Badrinath,Uttarakhand,landslide,downpour,medium,0,30.7412,79.4929,ibnlive.in
147,2007-07-30,Lawngtlai,Lawngtlai,Mizoram,landslide,downpour,medium,0,22.533,92.899,Red Cross - Field reports
6189,2014-03-08,"Rayagada, Odisha","Rayagada, Odisha",State of Odisha,landslide,continuous_rain,small,0,19.1497,83.6299,Times of India
6358,2014-06-09,Rakha Jaganoo,Rakha Jaganoo,Kashmir,landslide,rain,medium,5,32.8468,75.137,Deccan Chronicle
4382,2012-03-06,"between Harangajao and Mailongdisa, Assa,","between Harangajao and Mailongdisa, Assa,",Assam,landslide,downpour,medium,0,25.1175,92.8573,articles.timesofindia
8367,2016-06-30,"Didihat, Uttarakhand, India","Didihat, Uttarakhand, India",Uttarakhand,mudslide,monsoon,large,0,29.8002,80.2565,NDTV (New Delhi Television Limited)
1112,2009-08-20,"NH31A, Mile 27 near Rambi","NH31A, Mile 27 near Rambi",Sikkim,mudslide,downpour,medium,0,27.1761,88.5287,beacononline.wordpress
100,2007-06-25,Kozhikode,Kozhikode,Kerala,landslide,rain,medium,0,11.2738,75.8275,United Nations Development Programme - Relief Web
2424,2010-09-13,"near Tuivawl(?), Aizawl-Champhai rd, Aizawl district, Mizoram","near Tuivawl(?), Aizawl-Champhai rd, Aizawl district, Mizoram",Mizoram,landslide,downpour,medium,0,23.591,92.9296,Mizoram Express
9166,2016-07-18,"Gangotri Highway near Helgugad, Uttarkashi, Uttarakhand, India","Gangotri Highway near Helgugad, Uttarkashi, Uttarakhand, India",Uttarakhand,rock_fall,rain,medium,0,30.7313,78.4358,Frify
2379,2010-03-09,"Rudraprayag, Rishikesh-Badrinath hwy","Rudraprayag, Rishikesh-Badrinath hwy",Uttarakhand,landslide,downpour,medium,0,30.2851,78.9829,timesofindia.indiatimes
2391,2010-04-09,"Ranachatti(?), on road to Yamunotri","Ranachatti(?), on road to Yamunotri",Uttarakhand,landslide,downpour,medium,0,30.8987,78.3399,economictimes.indiatimes
78,2007-05-23,"Pangthang, on road b/t Gangtok and North Sikkim","Pangthang, on road b/t Gangtok and North Sikkim",Sikkim,landslide,rain,medium,0,27.3383,88.6069,Sikkim times.com
705,2008-10-08,"Monkey Hill and Khandala, Maharashtra","Monkey Hill and Khandala, Maharashtra",Maharashtra,landslide,rain,medium,0,18.72,73.47,timesofindia.indiatimes
5638,2013-11-13,"Nagercoil, Tamil Nadu","Nagercoil, Tamil Nadu",Tamil Nadu,landslide,downpour,medium,0,8.1747,77.444,articles.timesofindia.indiatimes.com
5097,2013-07-14,"Near Rampur, Himachal Pradesh","Near Rampur, Himachal Pradesh",Himachal Pradesh,landslide,downpour,medium,1,31.4711,77.6746,ibnlive.in.com
2136,2010-07-25,Solan roads,Solan roads,Himachal Pradesh,landslide,downpour,medium,0,30.904,77.0969,himvani
6322,2014-10-27,Dum Dum Parai,Dum Dum Parai,Tamil Nadu,rock_fall,downpour,medium,0,10.2379,77.6377,Times of India
4504,2012-08-21,"Barnoi, Bandipora, Kashmir","Barnoi, Bandipora, Kashmir",Kashmir,landslide,downpour,medium,0,34.6113,74.9499,hindustantimes
5431,2013-01-09,"Tamenglong, Manipur","Tamenglong, Manipur",Assam,mudslide,continuous_rain,medium,0,24.9829,93.5063,e-pao.net
2963,2011-11-01,"St Inez construction site, Panaji","St Inez construction site, Panaji",Goa,landslide,construction,medium,0,15.4838,73.8164,The Times of India
3672,2011-06-29,"Portions of NH 39, Connectin Manipur with Assam via Nagaland","Portions of NH 39, Connectin Manipur with Assam via Nagaland",Assam,landslide,downpour,medium,0,25.5125,93.3613,articles.timesofindia
2416,2010-12-09,"Uttarkashi town, Uttarakhand","Uttarkashi town, Uttarakhand",Uttarakhand,landslide,downpour,medium,0,30.7333,78.4403,youtube
7262,2015-07-21,"Miru, Manali-Leh highway","Miru, Manali-Leh highway",Kashmir,landslide,continuous_rain,small,0,33.7403,77.7559,The Indian Express
2161,2010-07-29,"Uttarkāshi : Landslips, triggered by heavy rain, blocked two key highways connecting Rishikesh, Gangotri and Badrinath in Uttarakhand on Thursday, le*",,Uttarakhand,landslide,downpour,medium,0,30.7467,78.4517,hindu
3997,2011-09-30,Mangan : The slide which occurred at Thingchim around 18 kilometers from Mangan towards Gangtok has disrupted the Mangan-Gangtok traffic again. The s*,,,landslide,unknown,medium,0,27.5161,88.5575,isikkim.com
2253,2010-08-15,"Chingai-Kuingai(Quingai) route (16 kms), Chingai subdivision, Ukhrul district, Manipur","Chingai-Kuingai(Quingai) route (16 kms), Chingai subdivision, Ukhrul district, Manipur",Manipur,landslide,downpour,medium,0,25.31006,94.48265,e-pao
3764,2011-12-07,Between Kasara and Igatpuri,Between Kasara and Igatpuri,Maharashtra,landslide,rain,medium,0,19.6699,73.5111,hindustantimes
2210,2010-06-08,"Leh airport, Ladakh, Jammu and Kashmir","Leh airport, Ladakh, Jammu and Kashmir",Kashmir,landslide,downpour,large,0,34.1619,77.5528,alertnet
2464,2010-09-19,"road to Chopal, Himachal Pradesh","road to Chopal, Himachal Pradesh",Himachal Pradesh,landslide,downpour,medium,0,30.9544,77.5063,himachal.us
7158,2015-11-07,"Srinigar-Jammu Highway, Gangroo, Udhampur","Srinigar-Jammu Highway, Gangroo, Udhampur",Kashmir,landslide,continuous_rain,medium,0,32.9262,75.1447,onmanora
5099,2013-07-14,"Sirmaur District, Himachal Pradesh","Sirmaur District, Himachal Pradesh",Himachal Pradesh,landslide,rain,medium,0,30.6738,77.3544,ibnlive.in.com
2305,2010-08-21,"Jeori-Ganvi(?) rd, Kinnuar(Kinnaur) district, Himachal Pradesh","Jeori-Ganvi(?) rd, Kinnuar(Kinnaur) district, Himachal Pradesh",Himachal Pradesh,landslide,downpour,medium,0,31.5304,77.7755,himvani
5285,2013-05-08,"Jhulaghat Area Of Pithoragarh District, Uttarakhand","Jhulaghat Area Of Pithoragarh District, Uttarakhand",Uttarakhand,landslide,monsoon,medium,1,29.5659,80.3657,www.moneycontrol.com
1108,2009-08-20,"Tamei, Tamenglong district on Imphal-Tamenglong (IT) road","Tamei, Tamenglong district on Imphal-Tamenglong (IT) road",Assam,landslide,downpour,medium,0,24.9925,93.5,kanglaonline
2467,2010-09-19,"Kumarhatti-Nahan road, Himachal Pradesh","Kumarhatti-Nahan road, Himachal Pradesh",Himachal Pradesh,landslide,downpour,medium,0,30.7198,77.1695,himachal.us
448,2008-08-02,Kodaikanal,Kodaikanal,Karnātaka,landslide,rain,medium,0,12.9752,77.6092,newindpress
6105,2014-06-26,Arunachal Pradesh,Arunachal Pradesh,Arunachal Pradesh,landslide,continuous_rain,medium,0,28.9205,95.3429,Times of India
7175,2015-05-04,"Wadpora, Budgam near Vidyala School","Wadpora, Budgam near Vidyala School",Kashmir,landslide,continuous_rain,medium,0,33.9243,74.6163,Kashmir Life
9168,2016-12-06,"NH 13 10 kilometers from Old Ziro, Arunachal Pradesh, India","NH 13 10 kilometers from Old Ziro, Arunachal Pradesh, India",Arunachal Pradesh,landslide,downpour,medium,0,27.6438,93.871,Arunachal Times
554,2008-05-28,"Periyanmala, Kottayam district, Kerala, India","Periyanmala, Kottayam district, Kerala, India",Kerala,landslide,downpour,medium,0,9.7327,76.8403,personal communication
7021,2015-06-27,"Old Monastery Road, Ghum","Old Monastery Road, Ghum",West Bengal,landslide,downpour,medium,1,27.0076,88.251,The Times of India
7159,2015-10-07,"Baliyanala, Nainithal","Baliyanala, Nainithal",Uttarakhand,landslide,continuous_rain,medium,0,29.3908,79.4552,The Tribune
3560,2011-05-31,"Gaoilung(Gadailong) village(?), Ward 4(?), Tamenglong, Manipur","Gaoilung(Gadailong) village(?), Ward 4(?), Tamenglong, Manipur",Manipur,landslide,downpour,medium,2,24.8286,93.5935,kanglaonline.com
2215,2010-06-08,Manali-Chandigarh highway,Manali-Chandigarh highway,Himachal Pradesh,landslide,downpour,medium,0,32.371,77.2468,sify.com
587,2008-06-15,"Lakhimpur district, Bihpuria, Assam","Lakhimpur district, Bihpuria, Assam",Assam,landslide,downpour,medium,17,27.2298,94.0989,Telegraph India
237,2007-06-09,Pithoragarh,Pithoragarh,Uttarakhand,landslide,rain,large,0,29.5833,80.2167,The hindu.com
8012,2015-06-09,"Umling, Meghalaya 793102, India","Umling, Meghalaya 793102, India",Meghalaya,landslide,unknown,medium,0,25.9703,91.8584,The Assam Tribune
7062,2015-05-14,"Poshiana, 27 km point of road from Bafliaz","Poshiana, 27 km point of road from Bafliaz",Kashmir,landslide,downpour,small,0,33.6303,74.4838,Greater Kashmir
5633,2013-11-13,"Valiyasalai, Thiruvananthapuram, Kerala","Valiyasalai, Thiruvananthapuram, Kerala",Kerala,landslide,downpour,medium,0,8.4951,76.921,english.manoramaonline.com
2369,2010-08-31,"Chittinagar, Vijayawada city, Andhra Pradesh","Chittinagar, Vijayawada city, Andhra Pradesh",Andhra Pradesh,landslide,downpour,medium,0,16.5332,80.6103,fullhyderabad
7335,2015-08-18,Tura Civil Hospital,Tura Civil Hospital,Meghalaya,landslide,continuous_rain,medium,0,25.5145,90.2023,Shillong Times
7215,2015-07-13,"Spiti Valley, Himachal Pradesh","Spiti Valley, Himachal Pradesh",Himachal Pradesh,landslide,continuous_rain,small,1,32.2473,78.037,The Times of India
5179,2013-07-24,"Karnaprayag, Uttarakhand","Karnaprayag, Uttarakhand",Uttarakhand,landslide,downpour,medium,0,30.262,79.2191,www.livemint.com
704,2008-10-08,Edakumeri near Subrahmanya,Edakumeri near Subrahmanya,Karnataka,landslide,downpour,medium,0,12.6445,75.605,daijiworld
6840,2015-05-02,Kalsan village near Bagial Dhara,Kalsan village near Bagial Dhara,Kashmir,landslide,unknown,medium,0,33.7453,74.1794,Daily Excelsior
3568,2011-02-06,"Thodpuzha(Thodupuzha) municipality, Idukki, Kerala","Thodpuzha(Thodupuzha) municipality, Idukki, Kerala",Kerala,landslide,downpour,medium,0,9.8721,76.7046,ibnlive.in
6544,2014-08-22,second hairpin bend near Varattupallam,second hairpin bend near Varattupallam,Tamil Nadu,other,downpour,medium,0,11.683,77.571,Times of India
2014,2010-06-25,"Sewri(?), New Shivaji Nagar, Mumbai","Sewri(?), New Shivaji Nagar, Mumbai",Maharashtra,landslide,downpour,medium,0,19.153,72.9266,hindustantimes
8962,2016-06-18,"main road between Gulem and Loliem and Cotigao, at Baddem, Goa, India","main road between Gulem and Loliem and Cotigao, at Baddem, Goa, India",Goa,mudslide,downpour,medium,0,15.0275,74.1623,Oherald Goa
6570,2011-08-30,Pomendi cutting near Ratnagiri,Pomendi cutting near Ratnagiri,Maharashtra,landslide,continuous_rain,medium,0,17.4303,73.5097,Times of India
7167,2015-08-04,Keran,Keran,Kashmir,landslide,continuous_rain,small,0,34.6609,73.9593,NDTV
141,2007-07-26,Singtam,Singtam,Meghālaya,landslide,rain,medium,0,25.38,91.88,thestatesman.net
3983,2011-09-23,"Maighuli, Guwahati, Meghalaya","Maighuli, Guwahati, Meghalaya",Assam,landslide,downpour,large,4,26.1548,91.7351,nbtvlive
395,2007-12-16,2 Soldiers Killed,"Thang Bridge 10 km from Turtuk, Leh, Jammu and Kashmir",Kashmir,landslide,rain,medium,13,34.93977,76.83271,Times of India
1487,2010-08-02,"Narundi area of Uri, Jammu and Kashmir","Narundi area of Uri, Jammu and Kashmir",Kashmir,landslide,downpour,medium,1,34.0876,74.0225,ptinews
419,2008-09-01,"Panthihal near Ramban,  Srinagar-Jammu highway","Panthihal near Ramban,  Srinagar-Jammu highway",Kashmir,landslide,rain,medium,0,33.23738,75.24528,greaterkashmir
148,2007-07-30,Saiha,Saiha,Mizoram,landslide,downpour,medium,0,22.479,92.967,Red Cross - Field reports
3899,2011-08-08,"Chhatanga area; Helkugad; and Netala, all on the Rishikesh-Yamunotri National Highway","Chhatanga area; Helkugad; and Netala, all on the Rishikesh-Yamunotri National Highway",Uttarakhand,landslide,downpour,medium,0,30.2258,78.3755,china
2120,2010-07-22,"Patlot-Aghora road, Almora District","Patlot-Aghora road, Almora District",Uttarakhand,landslide,downpour,medium,1,29.6095,79.6628,gsi.gov
1094,2009-08-16,"Katare village, 80 km from Kalimpong","Katare village, 80 km from Kalimpong",Bengal,landslide,downpour,medium,1,27.15977,88.63411,Telegraph
7156,2015-09-07,Kodaikanal-Palani Ghat Road,Kodaikanal-Palani Ghat Road,Tamil Nadu,landslide,unknown,medium,0,10.3448,77.5666,The Hindu
2454,2010-09-19,"near Mt. Kamet and Ghastoli village, near Mana pass, Chamoli district, Uttarakhand","near Mt. Kamet and Ghastoli village, near Mana pass, Chamoli district, Uttarakhand",Uttarakhand,landslide,downpour,medium,2,30.9013,79.5322,monstersandcritics
7161,2015-11-07,Sirobagad area of Rudraprayag,Sirobagad area of Rudraprayag,Uttarakhand,landslide,continuous_rain,medium,0,30.241,78.9,The Times of India
1775,2010-04-21,Arunachal Pradesh,Arunachal Pradesh,Arunāchal Pradesh,landslide,downpour,medium,12,27.8965,96.1779,gsi.gov
3663,2011-06-28,"Ruzapfu valley, Kikruma Village, Phek District, Nagaland","Ruzapfu valley, Kikruma Village, Phek District, Nagaland",Nāgāland,landslide,downpour,medium,0,25.6682,94.1099,morungexpress
7385,2015-01-08,"Holenjang, Chandel district","Holenjang, Chandel district",Manipur,landslide,continuous_rain,medium,0,24.004,93.9815,India Today
5410,2013-08-28,Haridwar In Uttarakhand Province,Haridwar In Uttarakhand Province,Uttarakhand,landslide,downpour,medium,0,29.9531,78.1514,sciencythoughts.blogspot.com
3643,2011-06-23,Villages surrounding the West Sikkim district of,Villages surrounding the West Sikkim district of,,landslide,downpour,large,16,27.2879,88.2579,assamtribune
4978,2013-06-24,"Rishikesh-Uttarkashi Route, Uttarakhand","Rishikesh-Uttarkashi Route, Uttarakhand",Uttarakhand,debris_flow,downpour,medium,0,30.4542,78.3911,www.indiablooms.com
2575,2010-09-10,"road between Haflong and Lanka, Assam","road between Haflong and Lanka, Assam",Assam,landslide,downpour,medium,0,25.5242,92.9914,dnaindia
6873,2015-03-15,Kheri,Kheri,Kashmir,landslide,snowfall_snowmelt,medium,0,33.0809,75.2966,Indian Express
9478,2016-07-08,Kathua,Kathua,Kashmir,landslide,continuous_rain,medium,0,32.4298,75.5807,Indian Express
1526,2010-02-26,"Hathi Matha, between Katra and Vaishno Devi cave shrine in Trikuta hills, Reasi District","Hathi Matha, between Katra and Vaishno Devi cave shrine in Trikuta hills, Reasi District",Kashmir,landslide,downpour,medium,2,33.0097,74.9402,ptinews
3759,2011-11-07,Highways leading to Badrinath and Gangotri,Highways leading to Badrinath and Gangotri,Uttarakhand,landslide,downpour,medium,0,30.506,79.1127,ibnlive.in
4523,2012-08-29,"Poonch, Kashmir","Poonch, Kashmir",Kashmir,landslide,downpour,medium,0,33.775,74.0934,hindustantimes
3840,2011-07-25,Manipur,Manipur,Manipur,landslide,downpour,medium,0,24.6869,93.9157,assamtribune
73,2007-08-05,"Jammu-Srinagar hwy, Samarouli in Ramban district","Jammu-Srinagar hwy, Samarouli in Ramban district",Kashmir,landslide,rain,medium,0,33.242,75.231,ICL
2594,2010-12-10,"Kulgadi, Doda-Kishtwar highway (NH-1B)","Kulgadi, Doda-Kishtwar highway (NH-1B)",Kashmir,landslide,downpour,medium,0,33.1847,75.8062,greaterkashmir
6015,2014-08-05,Lohit District of Arunachal Pradesh,Lohit District of Arunachal Pradesh,Arunachal Pradesh,mudslide,rain,medium,0,27.9032,96.174,Business Standard
7123,2015-04-26,"Head Water Works, Kummaripalem, Vijayawada","Head Water Works, Kummaripalem, Vijayawada",Andhra Pradesh,landslide,unknown,small,0,16.5172,80.6024,The Hindu
3741,2011-07-07,Maram (80 km north of Imphal),Maram (80 km north of Imphal),Nāgāland,landslide,rain,medium,0,25.4191,94.1079,e-pao
9476,2016-07-08,Doda-Kishtwar road,Doda-Kishtwar road,Kashmir,landslide,continuous_rain,medium,0,33.1457,75.7964,The Indian Express
523,2008-05-05,Srinagar-Leh highway at Gomri,Srinagar-Leh highway at Gomri,Kashmir,landslide,downpour,medium,0,33.9513,74.9845,greaterkashmir
8654,2016-04-07,"Kallarakodi, Ullal, India","Kallarakodi, Ullal, India",Karnataka,landslide,unknown,small,0,12.8041,74.8678,News Karnataka
4516,2012-08-24,"Solan, Himachal Pradesh,","Solan, Himachal Pradesh,",Himachal Pradesh,landslide,downpour,medium,0,30.9044,77.0969,business-standard
210,2007-08-25,"Hattisurey in Kalimpong, on National Highway 31A","Hattisurey in Kalimpong, on National Highway 31A",Bengal,landslide,rain,medium,0,27.0713,88.4308,The hindu.com
5098,2013-07-14,"Mehaskwal Village, Himachal Pradesh","Mehaskwal Village, Himachal Pradesh",Himachal Pradesh,landslide,downpour,medium,1,32.17,77.1788,ibnlive.in.com
7287,2015-07-26,Chamba,Chamba,Himachal Pradesh,landslide,continuous_rain,small,0,32.5606,76.1206,The Tribune
2106,2010-07-20,"road to Oting near Longlam village, 13 km from Tizit subdivision, Mon district, Nagaland","road to Oting near Longlam village, 13 km from Tizit subdivision, Mon district, Nagaland",Nāgāland,landslide,downpour,medium,0,26.8716,94.9921,nagalandpost
5044,2013-06-07,"Rohru-Shimla Road At Dochi, Himachal Pradesh","Rohru-Shimla Road At Dochi, Himachal Pradesh",Himachal Pradesh,landslide,downpour,medium,0,31.1628,77.7241,articles.timesofindia.indiatimes.com
9051,2016-07-19,"12th Mile area at Jorabat, Meghalaya, India","12th Mile area at Jorabat, Meghalaya, India",Meghalaya,landslide,unknown,medium,0,26.09748,91.87443,NELIVE (North East Live)
870,2008-10-29,"West Kameng, Arunachal Pradesh","West Kameng, Arunachal Pradesh",Arunāchal Pradesh,mudslide,downpour,medium,12,27.4,92.35,sindhtoday
2392,2010-04-09,"17th mile(?), Jawaharlal Nehru Marg hwy, between Gangtok and Nathu La, Sikkim","17th mile(?), Jawaharlal Nehru Marg hwy, between Gangtok and Nathu La, Sikkim",Sikkim,landslide,downpour,medium,0,27.3702,88.7334,news.oneindia
1037,2009-06-17,"Sevoke, 20km from Siliguri, North Eastern, India (Highway NH31A:Coronation Bridge to the Sevoke police outpost section blocked)","Sevoke, 20km from Siliguri, North Eastern, India (Highway NH31A:Coronation Bridge to the Sevoke police outpost section blocked)",Bengal,mudslide,downpour,medium,0,26.89,88.47,Telegraph India
2293,2010-08-20,"Nalupani(?), Rishikesh-Gangotri highway, Uttarkhand","Nalupani(?), Rishikesh-Gangotri highway, Uttarkhand",Uttarakhand,landslide,downpour,medium,0,30.7221,78.6437,hindu
7111,2015-04-28,"Vishnuprayag, Joshimath","Vishnuprayag, Joshimath",Uttarakhand,landslide,continuous_rain,small,0,30.5631,79.5765,The Times of India
3830,2011-07-22,Manipur,Manipur,Manipur,landslide,downpour,small,0,24.3527,94.3429,e-pao.net
4906,2013-07-06,"Helipong-Chessore Road, Nagaland","Helipong-Chessore Road, Nagaland",Nāgāland,landslide,unknown,medium,0,26.0977,94.7499,www.nagalandpost.com
1091,2009-08-16,"Kalimpong, Darjeeling, West Bengal","Kalimpong, Darjeeling, West Bengal",Bengal,landslide,downpour,medium,2,27.0246,88.4385,Thaindian News
2135,2010-07-25,Dharamsala roads,Dharamsala roads,Himachal Pradesh,landslide,downpour,medium,0,32.2067,76.3641,himvani
4497,2012-08-18,"Kaza, Himachal Pradesh","Kaza, Himachal Pradesh",Himachal Pradesh,landslide,downpour,medium,0,32.2278,78.071,ibnlive.in
151,2007-02-08,Kurseong,Kurseong,Bengal,mudslide,rain,medium,3,26.8905,88.2789,thestatesman.net
7076,2015-04-07,near Kalijhora,near Kalijhora,West Bengal,landslide,unknown,small,0,26.9282,88.4553,The Economic Times
5023,2013-04-07,"Munsari Tehsil, Uttarakhand","Munsari Tehsil, Uttarakhand",Uttarakhand,landslide,continuous_rain,medium,0,30.0712,80.2386,articles.timesofindia.indiatimes.com
5197,2013-07-25,"Ganga Vihar Colony In Bhatwadi Area, Uttarkashi, Uttarakhand","Ganga Vihar Colony In Bhatwadi Area, Uttarkashi, Uttarakhand",Uttarakhand,landslide,continuous_rain,medium,0,30.8203,78.6185,www.newindianexpress.com
218,2007-08-29,"Ghayabari-Tindharia on National Highway 55, near Darjeeling hills","Ghayabari-Tindharia on National Highway 55, near Darjeeling hills",Bengal,landslide,rain,medium,0,27.0096,88.2548,thestatesman.net
6462,2014-07-30,a hillock between Kasara and Igatpuri,a hillock between Kasara and Igatpuri,Maharashtra,landslide,construction,medium,0,19.678,73.5036,Times of India
6973,2015-06-21,"Ekvira Devi temple, Karla near Khandala","Ekvira Devi temple, Karla near Khandala",Maharashtra,landslide,continuous_rain,small,0,18.7833,73.4703,The Times of India
5290,2013-07-08,"Tirah Lines Which Is Almost 5 Kms From Dharamshala, Himachal Pradesh","Tirah Lines Which Is Almost 5 Kms From Dharamshala, Himachal Pradesh",Himachal Pradesh,landslide,downpour,medium,0,32.2322,76.3037,www.himvani.com
2261,2010-08-17,"Hatisur(?), Sevok(Sevoke), Kalimpong sub-division, NH 31A between Siliguri and Gangtok, Sikkim","Hatisur(?), Sevok(Sevoke), Kalimpong sub-division, NH 31A between Siliguri and Gangtok, Sikkim",Bengal,landslide,downpour,medium,0,26.9435,88.4445,indiablooms
93,2007-06-13,"Indira Bypass, Amdo Golai","Indira Bypass, Amdo Golai",Bengal,landslide,rain,small,0,26.7324,88.4089,Liveleak.com
7289,2015-07-26,Mandi,Mandi,Himachal Pradesh,landslide,continuous_rain,small,0,31.7085,76.9297,The Tribune
9603,2016-12-10,Mirik,Mirik,West Bengal,landslide,downpour,medium,0,26.8861,88.1704,Indian Express
6225,2014-07-09,Saddal village in Pancheri block,Saddal village in Pancheri block,Kashmir,mudslide,downpour,medium,41,33.0677,75.1466,Hindustan Times
3269,2011-03-22,"road from other districts to Hawai(Tawai?) which is  on Lojit river, near Hayuliang,  Anjaw district, Arunachal Pradesh","road from other districts to Hawai(Tawai?) which is  on Lojit river, near Hayuliang,  Anjaw district, Arunachal Pradesh",Arunāchal Pradesh,landslide,downpour,medium,0,28.0791,96.5242,articles.timesofindia
715,2008-08-14,"Shimla, Mandi, Solan and Sirmaur districts","Shimla, Mandi, Solan and Sirmaur districts",Himachal Pradesh,complex,monsoon,medium,0,31.0,77.12,tribuneindia
7178,2015-03-04,"Reshi Mohalla, Tangmarg","Reshi Mohalla, Tangmarg",Kashmir,landslide,continuous_rain,small,0,34.0604,74.4203,Greater Kashmir
6539,2014-08-20,Korwad village of Dharampur taluka in Valsad district,Korwad village of Dharampur taluka in Valsad district,Gujarat,landslide,rain,medium,0,20.5349,73.1703,Times of India
3820,2011-07-21,"Garhwal, Uttarakhand","Garhwal, Uttarakhand",Uttarakhand,landslide,rain,medium,1,30.1665,78.1123,ibnlive.in
7596,2015-07-08,Adoshi tunnel,Adoshi tunnel,Maharashtra,rock_fall,continuous_rain,small,0,18.7631,73.347,NDTV
1755,2010-04-17,"Natl. Highway 31-A at Pani House(?), Gangtok","Natl. Highway 31-A at Pani House(?), Gangtok",Sikkim,landslide,downpour,small,0,27.3341,88.6083,voiceofsikkim.com
6990,2015-06-24,"New Land (""""New Colony"""")","New Land (""""New Colony"""")",Nagaland,landslide,continuous_rain,medium,0,26.0319,94.5466,Nagaland Post
5332,2013-08-14,Khanater Village Near Poonch,Khanater Village Near Poonch,Kashmir,landslide,downpour,medium,0,33.7705,74.0967,www.kashmirtimes.in
7678,2015-11-08,Himachal Pradesh School Education Board,Himachal Pradesh School Education Board,Himachal Pradesh,landslide,rain,medium,0,32.1967,76.3194,Tribune
3902,2011-09-08,"Mount Abu, Harna Hanuman temple","Mount Abu, Harna Hanuman temple",Rajasthan,landslide,downpour,medium,0,24.5958,72.7169,articles.timesofindia
98,2007-06-25,Karimnagar,Karimnagar,Andhra Pradesh,landslide,rain,medium,10,18.431,79.1492,United Nations Development Programme - Relief Web
3708,2011-03-07,South of Kashmir,South of Kashmir,Kashmir,landslide,downpour,medium,0,34.1491,76.826,indianexpress
9002,2016-07-16,"Mussoorie-Tehri bypass, near Landour, Uttarakhand, India","Mussoorie-Tehri bypass, near Landour, Uttarakhand, India",Uttarakhand,debris_flow,downpour,medium,0,30.4554,78.0973,Tribune India
1995,2010-06-16,Tripi (Tirpai?) road of Upper Gumfa area in Kalimpong,Tripi (Tirpai?) road of Upper Gumfa area in Kalimpong,Bengal,landslide,rain,medium,3,27.0765,88.4808,indiavision
6222,2014-01-10,Karsingsa block point,Karsingsa block point,Arunachal Pradesh,landslide,unknown,small,5,27.1249,93.7706,The Assam Tribune
9169,2016-12-06,"on road between Mon and Tobu near Telangsao Hydro project , Nagaland, India","on road between Mon and Tobu near Telangsao Hydro project , Nagaland, India",Nagaland,landslide,continuous_rain,unknown,0,26.1677,94.2442,Nagaland Post
2177,2010-07-30,"Amboli ghat in Sindhdurg, Konkan","Amboli ghat in Sindhdurg, Konkan",Maharashtra,landslide,downpour,medium,0,15.949,73.9667,timesofindia.indiatimes
4435,2012-06-25,"Tirap , Arunachal Pradesh","Tirap , Arunachal Pradesh",Arunāchal Pradesh,landslide,downpour,large,0,27.174,95.8011,articles.timesofindia
2439,2010-09-17,"Indrakeeladri ghat rd, Vijayawada, Andhra Pradesh","Indrakeeladri ghat rd, Vijayawada, Andhra Pradesh",Andhra Pradesh,landslide,downpour,medium,0,16.5141,80.6055,deccanchronicle
4313,2012-08-04,"Endulin Nallah, Mayodia, 17-camp, 83-camp","Endulin Nallah, Mayodia, 17-camp, 83-camp",Arunāchal Pradesh,landslide,downpour,medium,0,28.4659,95.86,timesofindia.indiatimes
2165,2010-07-29,"Shakthinagar, Mangalore","Shakthinagar, Mangalore",Karnataka,landslide,downpour,medium,0,12.896,74.8735,gsi.gov
3559,2011-05-31,"Chhatanga(?) village on Rishikesh-Yamunotri highway, Uttarkashi","Chhatanga(?) village on Rishikesh-Yamunotri highway, Uttarkashi",Uttarakhand,landslide,rain,medium,1,30.4783,78.2741,news.in
6341,2014-11-09,Gaurikund-Kedarnath pedestrian trek,Gaurikund-Kedarnath pedestrian trek,Uttarakhand,landslide,downpour,medium,0,30.688,79.0478,Times of India
2227,2010-09-08,"Nirgaddu about 4 km from Tapovan on Rishikesh - Badrinath route, Uttarakhand","Nirgaddu about 4 km from Tapovan on Rishikesh - Badrinath route, Uttarakhand",Uttarakhand,landslide,downpour,medium,0,30.6463,79.5306,gsi.gov
2537,2010-03-10,"Channarāyapatna : The train services between the city and Bangalore, which were disrupted due to the landslide between Yedakumeri and Siribagilu stat*",,Karnataka,landslide,rain,medium,0,12.9711,76.2728,daijiworld
2344,2010-08-27,"NH-53 at Nungba police station, Kambirong(?), Manipur","NH-53 at Nungba police station, Kambirong(?), Manipur",Assam,landslide,downpour,medium,0,24.7505,93.4221,e-pao
7263,2015-07-22,"15 kms from Maram, National Highway-102/A (Maram Peren road)","15 kms from Maram, National Highway-102/A (Maram Peren road)",Manipur,landslide,continuous_rain,medium,0,25.4477,94.0489,The Sangai Express
4486,2012-08-17,"Chonamala, Periyamata, Vellampatta","Chonamala, Periyamata, Vellampatta",Kerala,landslide,downpour,medium,0,9.7285,76.803,IBN
5271,2013-04-08,"Nanga, Nagaland","Nanga, Nagaland",Nāgāland,landslide,continuous_rain,medium,0,26.284,94.5808,www.nagalandpost.com
4424,2012-06-20,"Lalunggaon, Guwahati,  Assam","Lalunggaon, Guwahati,  Assam",Assam,landslide,downpour,medium,0,26.149,91.7351,twocircles.net
3525,2011-05-22,"Kaiphundai(?)-Tousem(in Assam) road, Tamenglong district, Manipur","Kaiphundai(?)-Tousem(in Assam) road, Tamenglong district, Manipur",Assam,landslide,downpour,medium,0,25.0672,93.4093,e-pao
4949,2013-06-18,Road Near Tipri To Kedarnath,Road Near Tipri To Kedarnath,Uttarakhand,landslide,rain,medium,0,30.3797,78.5017,ibnlive.in.com
706,2008-10-08,"Gaiparnath Mahadev temple, foothills of Chambal ravines","Gaiparnath Mahadev temple, foothills of Chambal ravines",Rajasthan,landslide,rain,medium,2,25.08,75.72,rediff
7369,2015-01-08,between Chalong and Paraolon,between Chalong and Paraolon,Manipur,landslide,continuous_rain,medium,0,24.1988,94.1016,E-PAO
7676,2015-12-08,Dharamsala-Kangra state highway,Dharamsala-Kangra state highway,Himachal Pradesh,landslide,monsoon,medium,0,32.1764,76.3075,Tribune
4936,2013-06-17,"Rambara District, Uttarakhand","Rambara District, Uttarakhand",Uttarakhand,landslide,downpour,large,13,30.6945,79.0544,ibnlive.in.com
3895,2011-07-08,"The Rishikesh-Gangotri national highway, Sainj","The Rishikesh-Gangotri national highway, Sainj",Himachal Pradesh,landslide,rain,medium,0,31.0766,77.3913,ibnlive.in
8860,2016-06-17,"Urni, Satluj river, Kinnaur district, Himachal Pradesh, India","Urni, Satluj river, Kinnaur district, Himachal Pradesh, India",Himachal Pradesh,rock_fall,monsoon,large,0,31.5124,78.1181,Times of India
1291,2009-09-11,"Ooty and Coonoor, Tamil Nadu","Ooty and Coonoor, Tamil Nadu",Tamil Nadu,landslide,downpour,medium,42,11.4098,76.6939,kndu
6356,2014-07-11,Ramnagar railway station,Ramnagar railway station,Kashmir,mudslide,downpour,medium,0,32.9411,75.0922,Business Standard
4198,2012-02-15,Surjan village in Bani mountainous belt in Kathua district (,Surjan village in Bani mountainous belt in Kathua district (,Kashmir,landslide,downpour,medium,0,32.3682,75.5227,indianexpress
5180,2013-07-24,"National Highway 4, Navi Mumbai, Maharashtra","National Highway 4, Navi Mumbai, Maharashtra",Maharashtra,landslide,downpour,medium,0,19.1711,73.0207,www.thehindu.com
5200,2013-07-25,"Avalanche, Nilgiris, Tamil Nadu","Avalanche, Nilgiris, Tamil Nadu",Tamil Nadu,landslide,downpour,medium,0,11.3192,76.5959,www.newindianexpress.com
5637,2013-11-13,"Thampanoor, Thiruvananthapuram, Kerala","Thampanoor, Thiruvananthapuram, Kerala",Kerala,landslide,downpour,medium,0,8.4863,76.9517,articles.timesofindia.indiatimes.com
4892,2013-01-06,Upper Subansiri,Upper Subansiri,Arunāchal Pradesh,landslide,downpour,large,0,27.8776,94.25,articles.timesofindia.indiatimes.com
2546,2010-04-10,"Roads between Sunnu Pal and Chail, Himachal Pradesh","Roads between Sunnu Pal and Chail, Himachal Pradesh",Himachal Pradesh,landslide,downpour,medium,0,30.9546,77.1792,prokerala
8086,2016-06-24,"Maya Bar, Thokkottu, India","Maya Bar, Thokkottu, India",Karnataka,landslide,downpour,medium,0,12.8157,74.8586,Daiji Worldwide
4377,2012-02-06,"Guwahati, Assam","Guwahati, Assam",Assam,landslide,downpour,large,0,26.1475,91.7356,ibnlive.in
428,2008-01-16,"Panthihal, Srinagar-Jammu highway","Panthihal, Srinagar-Jammu highway",Kashmir,landslide,snowfall_snowmelt,medium,0,33.2537,75.2006,FluTrackers
5430,2013-01-09,"Tamenglong- Khongsang Road, Manipur","Tamenglong- Khongsang Road, Manipur",Manipur,mudslide,continuous_rain,medium,0,24.9037,93.487,e-pao.net
7264,2015-07-22,22 kms to 30 kms between Sangkungmai and Willong,22 kms to 30 kms between Sangkungmai and Willong,Manipur,landslide,continuous_rain,medium,0,25.4538,93.9827,The Sangai Express
9220,2016-07-26,"Finchaytaar, Lodhoma, Darjeeling, India","Finchaytaar, Lodhoma, Darjeeling, India",West Bengal,landslide,downpour,unknown,0,27.1027,88.1218,I Love Siliguri
5006,2013-01-07,"Thillong Village, Doyang Along State Highway 1, Wokha To Merapani Road","Thillong Village, Doyang Along State Highway 1, Wokha To Merapani Road",Nāgāland,landslide,downpour,medium,0,26.1147,94.3864,www.nagalandpost.com
3115,2011-02-13,"Srinagar-Jammu Natl. Hwy., at Digdole(Digdol)(9 km south of Panthal), Srinagar, Jammu and Kashmir","Srinagar-Jammu Natl. Hwy., at Digdole(Digdol)(9 km south of Panthal), Srinagar, Jammu and Kashmir",Kashmir,landslide,snowfall_snowmelt,medium,0,33.3037,75.1827,dnaindia
2468,2010-09-19,"Pulbhal(?)-Solan rd, Himachal Pradesh","Pulbhal(?)-Solan rd, Himachal Pradesh",Himachal Pradesh,landslide,downpour,medium,0,30.9035,77.0965,himachal.us
9092,2015-12-20,sanjeevinagar area,sanjeevinagar area,Tamil Nadu,landslide,unknown,medium,4,10.8319,78.7075,The New India Express
256,2007-10-09,Rhodong village near Rhey in East Sikkim,Rhodong village near Rhey in East Sikkim,Sikkim,landslide,rain,medium,0,27.3425,88.6236,Telegraph India
9335,2016-05-18,"Bilaipur, Hailakandi district, Assam, India","Bilaipur, Hailakandi district, Assam, India",Assam,landslide,continuous_rain,unknown,2,24.5202,92.7239,Indian Express
9386,2016-09-05,".5 km away from Valparai Police Station at a construction site, Valparai, Tamil Nadu, India",".5 km away from Valparai Police Station at a construction site, Valparai, Tamil Nadu, India",Tamil Nadu,landslide,construction,small,1,10.3316,76.9592,The Hindu
8233,2015-09-16,"railway between Koraput and Rayagada in Odisha, India","railway between Koraput and Rayagada in Odisha, India",Odisha,landslide,downpour,medium,0,19.316,83.2414,The Hindu
7279,2015-07-24,Tamenglong Ward No-IV,Tamenglong Ward No-IV,Manipur,mudslide,monsoon,medium,0,24.9818,93.5142,E-PAO
3114,2011-02-13,"Batote-Doda-Kishtwar road, at Jathi(?) and Drabshalla, Jammu and Kashmir","Batote-Doda-Kishtwar road, at Jathi(?) and Drabshalla, Jammu and Kashmir",Kashmir,landslide,snowfall_snowmelt,medium,0,33.1804,75.8101,dnaindia
1963,2010-11-06,"near Sevok(Sevoke), Highway 31A to Sikkimand Kalimpong, Hatisura(?), Darjeeling","near Sevok(Sevoke), Highway 31A to Sikkimand Kalimpong, Hatisura(?), Darjeeling",Bengal,landslide,downpour,medium,0,26.944,88.4441,news.oneindia
5278,2013-05-08,"Cheeyappara Waterfalls, Ernakulam, Kerala","Cheeyappara Waterfalls, Ernakulam, Kerala",Kerala,mudslide,monsoon,medium,5,10.0539,76.8298,www.thehindu.com
3174,2011-05-03,"Kullu-Manali rd, Himachal Pradesh","Kullu-Manali rd, Himachal Pradesh",Himachal Pradesh,landslide,downpour,medium,0,32.0996,77.1586,articles.timesofindia
9257,2016-07-31,"Parsik/ Nutan Tunnel on Central rail, near Diva, Mumbai, India","Parsik/ Nutan Tunnel on Central rail, near Diva, Mumbai, India",Maharashtra,mudslide,downpour,medium,0,19.1869,73.02,Asian Age
5329,2013-08-14,"Samroli, Udhampur District, Kashmir","Samroli, Udhampur District, Kashmir",Kashmir,landslide,downpour,medium,0,32.9913,75.1915,ibnlive.in.com
9449,2016-04-08,Valley of Flowers near Badrinath,Valley of Flowers near Badrinath,Uttarakhand,debris_flow,continuous_rain,medium,0,30.7386,79.4954,Times of India
3696,2011-02-07,"National Highway 66, connecting Kerala and Karnataka","National Highway 66, connecting Kerala and Karnataka",Karnataka,landslide,rain,small,0,13.1819,76.1147,articles.timesofindia
9258,2016-07-31,"Janki Chatti, Uttarakhand, India","Janki Chatti, Uttarakhand, India",Uttarakhand,landslide,continuous_rain,medium,0,30.9753,78.4375,Indian Express
5182,2013-07-24,"Thirpak, Uttarakhand","Thirpak, Uttarakhand",Uttarakhand,landslide,downpour,medium,0,30.301,79.3628,www.thehindubusinessline.com
1133,2009-03-09,"Saki Naka in Andheri area, Mumbai suburb/slum (Sakinaka is around 23 miles (35 kilometers) from downtown Mumbai)","Saki Naka in Andheri area, Mumbai suburb/slum (Sakinaka is around 23 miles (35 kilometers) from downtown Mumbai)",Maharashtra,mudslide,downpour,large,12,19.0949,72.8899,in.reuters
3614,2011-06-16,Munjur near Mettupalayam,Munjur near Mettupalayam,Tamil Nadu,landslide,rain,medium,0,11.2993,76.9354,articles.timesofindia
6288,2014-09-22,Noonmati,Noonmati,Assam,landslide,rain,small,0,26.1985,91.7998,Assam Tribune
5087,2013-12-07,"National Highway 29 Near Phesama Village, Nagaland","National Highway 29 Near Phesama Village, Nagaland",Nāgāland,landslide,downpour,medium,0,25.6269,94.1139,www.thehindubusinessline.com
5284,2013-05-08,"Nairpara, Kerala","Nairpara, Kerala",Kerala,landslide,monsoon,medium,1,10.3228,76.4319,www.deccanchronicle.com
5554,2013-09-25,"Taloda, Nandurbar, Maharashtra","Taloda, Nandurbar, Maharashtra",Maharashtra,rock_fall,downpour,medium,8,21.6989,74.172,www.indiatvnews.com
3917,2011-08-13,"Manali-Leh highway, Rohtang pass","Manali-Leh highway, Rohtang pass",Himachal Pradesh,landslide,downpour,medium,2,31.7077,76.9313,articles.timesofindia
6933,2015-03-30,Three houses had sunk,Khansahib,Kashmir,landslide,continuous_rain,medium,0,33.9344,74.6566,Hindustan Times
4481,2012-08-17,"Chamoli, Uttarakhand","Chamoli, Uttarakhand",Uttarakhand,landslide,downpour,medium,4,30.6594,79.5605,ndtv
2461,2010-09-19,"Karcham-Sangla rd, Himachal Pradesh","Karcham-Sangla rd, Himachal Pradesh",Himachal Pradesh,landslide,downpour,medium,0,31.4582,78.2114,himachal.us
5382,2013-08-21,Kullu-Anni Highway,Kullu-Anni Highway,Himachal Pradesh,landslide,downpour,medium,0,31.5375,77.3737,articles.timesofindia.indiatimes.com
588,2008-06-15,"Charan Padika, Jammu","Charan Padika, Jammu",Kashmir,landslide,rain,medium,0,32.5659,75.0944,hindu
6966,2015-06-17,"National Highway 31A, Darjeeling Hills","National Highway 31A, Darjeeling Hills",West Bengal,landslide,downpour,small,0,26.9974,88.4314,The Statesman
725,2008-08-17,Shimla district,Shimla district,Himachal Pradesh,landslide,rain,medium,0,31.1,77.16,thaindian
258,2007-11-09,"NH-39 at Imphal-Moreh section, Lokchao largest event","NH-39 at Imphal-Moreh section, Lokchao largest event",Manipur,landslide,rain,medium,3,24.4279,94.0564,kanglaonline.com
6299,2014-10-26,Batote,Batote,Kashmir,landslide,unknown,medium,0,33.1206,75.3142,ANINEWS
9266,2016-07-31,"NH 5 near Rampur, Uttar Pradesh, India","NH 5 near Rampur, Uttar Pradesh, India",Uttar Pradesh,landslide,rain,small,0,25.4941,82.5725,Tribune India
5291,2013-07-08,Kozhipilly In Velliyamattom Village Under Thodupuzha Taluk,Kozhipilly In Velliyamattom Village Under Thodupuzha Taluk,Kerala,landslide,monsoon,medium,0,10.0606,76.6331,www.thehindu.com
2228,2010-09-08,"Dharasu and Nalupani near Uttarkashi on Rishikesh – Gangotri highway, Uttarakhand","Dharasu and Nalupani near Uttarkashi on Rishikesh – Gangotri highway, Uttarakhand",Uttarakhand,landslide,downpour,medium,0,30.6785,78.3475,gsi.gov
2104,2010-07-20,"Tanakupur-Pitoragarh highway, Kumaon(Kumaun) region, Uttarakhand","Tanakupur-Pitoragarh highway, Kumaon(Kumaun) region, Uttarakhand",Uttarakhand,landslide,downpour,medium,0,29.36,80.126,dnaindia
5338,2013-08-16,"Longlem, Nagaland","Longlem, Nagaland",Assam,landslide,rain,medium,0,26.8727,94.9275,www.nagalandpost.com
2411,2010-10-09,"districts Lakhimpur, Dhemaji, Golaghat, and Sonitpur, Assam province","districts Lakhimpur, Dhemaji, Golaghat, and Sonitpur, Assam province",Arunāchal Pradesh,landslide,downpour,medium,0,27.0011,93.7273,timesofindia.indiatimes
4966,2013-06-19,"Almora, Uttarakhand","Almora, Uttarakhand",Uttarakhand,landslide,rain,medium,0,29.5935,79.6805,ibnlive.in.com
6143,2014-07-14,"Zembabawk, Aizawl","Zembabawk, Aizawl",Mizoram,landslide,downpour,medium,1,23.7327,92.7463,Business Standard
3557,2011-05-31,"Kulamavu region, Kerala","Kulamavu region, Kerala",Kerala,landslide,downpour,medium,0,9.8012,76.9006,ibnlive.in
3609,2011-06-14,Coastal Karnataka,Coastal Karnataka,Karnataka,landslide,downpour,medium,0,14.0354,74.6624,daijiworld
5994,2014-04-15,"Patan, Baramulla District","Patan, Baramulla District",Kashmir,landslide,unknown,small,1,34.209,74.3524,Business Standard
3894,2011-07-08,"Sainj, Rishikesh-Gangotri National Highway","Sainj, Rishikesh-Gangotri National Highway",Himachal Pradesh,landslide,downpour,medium,0,31.0766,77.3916,thehindu
7177,2015-03-04,Nambilnar,Nambilnar,Kashmir,landslide,continuous_rain,medium,0,34.0978,74.4016,Greater Kashmir
5022,2013-04-07,"Pithoragarh Tehsil, Uttarakhand","Pithoragarh Tehsil, Uttarakhand",Uttarakhand,landslide,downpour,medium,0,29.58,80.2214,articles.timesofindia.indiatimes.com
4908,2013-08-06,"15 Km From Gangtok, Himalayans","15 Km From Gangtok, Himalayans",Sikkim,landslide,downpour,medium,0,27.3721,88.708,www.business-standard.com
4218,2012-02-22,"Ramban district, Srinagar-Jammu Highway (Khooni Nallah, Higni and Panthal)","Ramban district, Srinagar-Jammu Highway (Khooni Nallah, Higni and Panthal)",Kashmir,landslide,downpour,medium,0,33.241,75.234,greaterkashmir
7221,2015-07-19,"Adoshi Tunnel, Mumbai-Pune Expressway","Adoshi Tunnel, Mumbai-Pune Expressway",Maharashtra,landslide,continuous_rain,small,3,18.7632,73.347,NDTV
9124,2016-07-19,"Rongthragittim Songittal village, near Sibbari, South Garo Hills District, Meghalaya, India","Rongthragittim Songittal village, near Sibbari, South Garo Hills District, Meghalaya, India",Meghalaya,translational_slide,continuous_rain,large,0,25.203,90.5573,Business Standard
7649,2015-11-08,Gamraula near Bilaspur,Gamraula near Bilaspur,Himachal Pradesh,landslide,downpour,medium,0,31.3237,76.7622,National Highway 21 at Gamraula near Bilaspur
6874,2015-03-22,Jammu-Srinagar national highway,Jammu-Srinagar national highway,Kashmir,landslide,snowfall_snowmelt,medium,0,33.3343,75.1969,Indian Express
2282,2010-08-19,"Tuensang-Kohima rd, 3 km outside Tuensang, Nagaland","Tuensang-Kohima rd, 3 km outside Tuensang, Nagaland",Nāgāland,landslide,downpour,medium,0,26.1984,94.8158,indiablooms
9338,2016-05-18,"Sonachirra, Karimganj district, Assam, India","Sonachirra, Karimganj district, Assam, India",Assam,landslide,continuous_rain,medium,5,24.4638,92.4943,Indian Express
8227,2015-09-15,railway tracks between Dumriput and Damanjodi,railway tracks between Dumriput and Damanjodi,Odisha,rock_fall,downpour,medium,0,18.7734,82.8555,New Indian Express
7746,2015-08-20,Morha Kalana of panchyat Dhannuparole in Tehsil Ramkot,Morha Kalana of panchyat Dhannuparole in Tehsil Ramkot,Kashmir,landslide,unknown,medium,0,32.6173,75.264,Scoop News
1210,2009-02-10,Konkan railway route in southern village Canacona in Goa,Konkan railway route in southern village Canacona in Goa,Karnataka,landslide,rain,medium,0,14.9935,74.0478,ptinews
2421,2010-09-13,"road to Muanna Godown, Zuangtui, Mizoram","road to Muanna Godown, Zuangtui, Mizoram",Mizoram,landslide,downpour,medium,0,23.75407,92.74129,Mizoram Express
3581,2011-09-06,"Baglihar Dam, on river Chenab, Chanderkote in Banihal, Ramban , Jammu and Kashmir","Baglihar Dam, on river Chenab, Chanderkote in Banihal, Ramban , Jammu and Kashmir",Kashmir,landslide,downpour,medium,1,33.1617,75.3278,dailyexcelsior
2709,2010-08-11,rails between Amdalli(?) and near Thodor(Todur) stations bordering Ankola and Karwar talukas in Uttar Kanara district of neighbouring Karnataka,rails between Amdalli(?) and near Thodor(Todur) stations bordering Ankola and Karwar talukas in Uttar Kanara district of neighbouring Karnataka,Karnataka,rock_fall,downpour,medium,1,14.7822,74.2279,timesofindia.indiatimes
2249,2010-08-14,"Kiphire-Tuensang rd, Nagaland","Kiphire-Tuensang rd, Nagaland",Nāgāland,landslide,downpour,medium,0,26.0814,94.803,morungexpress
8901,2016-10-07,"National Highway 2, near Kohima, Nagaland, India","National Highway 2, near Kohima, Nagaland, India",Nagaland,landslide,downpour,medium,0,25.7902,94.1318,Business Standard
2283,2010-08-19,"2 km from Khongsang village(?), road between Tamenglong and Imphal or Nungba, Manipur","2 km from Khongsang village(?), road between Tamenglong and Imphal or Nungba, Manipur",Manipur,mudslide,downpour,medium,0,24.8961,93.4957,e-pao.net
4552,2012-09-14,"Takdah, West Bengal","Takdah, West Bengal",Sikkim,landslide,downpour,medium,0,27.0377,88.3603,Telegraph India
3117,2011-02-13,"trail between Adh Kuwari(Adhkuwari) temple and Shri Mata Vaishno Devi Cave Shrine, Trikuta Hills(?), near Katra, Reasi, Jammu and Kashmir","trail between Adh Kuwari(Adhkuwari) temple and Shri Mata Vaishno Devi Cave Shrine, Trikuta Hills(?), near Katra, Reasi, Jammu and Kashmir",Kashmir,landslide,downpour,medium,0,33.0165,74.9437,netindian.in
2016,2010-06-25,"Jeevandaya lane(?), Vijay Nagar, Ghatopar(Ghatkopar)","Jeevandaya lane(?), Vijay Nagar, Ghatopar(Ghatkopar)",Maharashtra,landslide,downpour,medium,0,19.1095,72.8929,hindustantimes
3888,2011-07-08,Gumma on Pathankot-Mandi national highway,Gumma on Pathankot-Mandi national highway,Himachal Pradesh,landslide,downpour,medium,0,31.2403,77.9258,Times of India
3746,2011-08-07,Lambagad,Lambagad,Uttarakhand,landslide,downpour,medium,0,30.6509,79.5192,ibnlive.in
7168,2015-07-04,Khanpora,Khanpora,Kashmir,landslide,continuous_rain,medium,0,34.2088,74.3279,The Northlines
6016,2014-09-05,"Satgarakul Village, Karimganj, Assam State","Satgarakul Village, Karimganj, Assam State",Assam,landslide,rain,small,7,24.8669,92.3576,Sciency Thoughts
215,2007-08-28,Phesema area at National Highway 39,Phesema area at National Highway 39,Nāgāland,landslide,rain,medium,1,25.7428,93.9136,Newkerala
4551,2012-09-14,"Bageshwar, Uttarakhand","Bageshwar, Uttarakhand",Uttarakhand,landslide,downpour,large,9,29.841,79.7758,india.nydailynews
5533,2013-09-16,"Kalimpong, West Bengal","Kalimpong, West Bengal",Bengal,landslide,downpour,small,1,27.0599,88.4674,sciencythoughts.blogspot.com
43,2007-03-23,"Doba Sayedan, Kashmir","Doba Sayedan, Kashmir",Kashmir,landslide,downpour,medium,10,33.9659,74.3313,Gulfnews.com
3146,2011-02-25,"road near Manali, Kullu","road near Manali, Kullu",Himachal Pradesh,rock_fall,continuous_rain,medium,0,32.2338,77.1784,articles.timesofindia
7780,2015-08-26,Sailam village,Sailam village,Mizoram,landslide,continuous_rain,medium,1,23.3572,92.7878,Indian Express
2281,2010-08-19,"Kisima, Nagaland","Kisima, Nagaland",Nāgāland,landslide,downpour,medium,0,25.6156,94.11603,E-PAO
1996,2010-06-17,"Shayoung Ward(?), Longleng, Nagaland","Shayoung Ward(?), Longleng, Nagaland",Nāgāland,landslide,downpour,medium,0,26.4333,94.8833,morungexpress
7012,2015-06-25,5 km from Kedarnath Temple,5 km from Kedarnath Temple,Uttarakhand,landslide,downpour,medium,0,30.6838,79.0479,The Times of India
5282,2013-05-08,"Maniyarankudy, Kerala","Maniyarankudy, Kerala",Kerala,landslide,monsoon,medium,1,9.8957,76.9346,www.deccanchronicle.com
260,2007-11-09,"National Highway 31A, between Singtam and Rangpo","National Highway 31A, between Singtam and Rangpo",,debris_flow,rain,medium,0,27.2084,88.4909,thestatesman.net
1213,2009-03-10,"Puddipadi, Kozhikode, Kerala","Puddipadi, Kozhikode, Kerala",Kerala,landslide,downpour,medium,0,11.4816,75.9957,thaindian
2291,2010-08-20,"Ranachatti(?), route to Yamunotri, Garwhal division, Uttarakhand","Ranachatti(?), route to Yamunotri, Garwhal division, Uttarakhand",Uttarakhand,landslide,downpour,medium,0,30.966,78.4151,dnaindia
6283,2014-09-22,Dakhingaon,Dakhingaon,Assam,landslide,rain,small,0,26.1314,91.7548,Assam Tribune
6339,2014-06-09,Thanmandi area of Rajouri,Thanmandi area of Rajouri,Kashmir,landslide,downpour,medium,13,33.5405,74.3723,ANI News
5683,2013-10-12,"Kankumbi, Karnataka","Kankumbi, Karnataka",,landslide,mining,small,0,15.7051,74.2197,timesofindia.indiatimes.com
2478,2010-09-20,"roads around Uttarkashi, Uttarakhand","roads around Uttarkashi, Uttarakhand",Uttarakhand,landslide,downpour,medium,0,30.7332,78.4401,sify.com
8930,2016-11-07,"North Point Colony, Akuluto, Nagaland, India","North Point Colony, Akuluto, Nagaland, India",Nagaland,landslide,unknown,large,0,26.1699,94.4922,Nagaland Post
869,2008-10-29,North Lakhimpur,North Lakhimpur,Assam,landslide,downpour,medium,0,27.2333,94.1167,rttnews
285,2007-09-29,"National Highway, 45 Aizwal (Mizoram)","National Highway, 45 Aizwal (Mizoram)",Mizoram,landslide,rain,medium,0,24.1293,92.6921,Newkerala
3662,2011-06-28,"Ikou-Gangpijang road, near: Ikou, Saikul, and Gangpijang; Imphal India","Ikou-Gangpijang road, near: Ikou, Saikul, and Gangpijang; Imphal India",Manipur,landslide,rain,medium,0,25.03562,94.01442,E-PAO
7273,2015-07-26,"Sirobagad, Rishikesh-Badrinath highway","Sirobagad, Rishikesh-Badrinath highway",Uttarakhand,landslide,continuous_rain,medium,0,30.2411,78.9014,Ani News
5328,2013-08-14,"Ramban District, Kashmir","Ramban District, Kashmir",Kashmir,landslide,downpour,medium,0,33.3018,75.1793,ibnlive.in.com
5427,2013-08-15,"Koide Government High School, Senapati, Manipur","Koide Government High School, Senapati, Manipur",Nāgāland,landslide,downpour,medium,0,25.3833,94.1884,e-pao.net
2458,2010-09-19,"roads to Gangotri, Uttarakhand","roads to Gangotri, Uttarakhand",Uttarakhand,landslide,downpour,medium,0,30.9015,78.7756,tribuneindia
8339,2015-09-23,Kamakhya Temple,Kamakhya Temple,Assam,landslide,continuous_rain,medium,0,26.1666,91.7042,Assam Times
5360,2013-08-18,"Chamoli District, Uttarakhand","Chamoli District, Uttarakhand",Uttarakhand,landslide,rain,medium,0,30.3642,79.3158,zeenews.india.com
6374,2014-06-11,"Chakwa bridge, 9 kilomters short of Doda","Chakwa bridge, 9 kilomters short of Doda",Kashmir,landslide,unknown,medium,0,33.1261,75.4481,India TV
4905,2013-07-06,"Kuthur – Huker Road Via Y Anner, Chessore, Nagaland","Kuthur – Huker Road Via Y Anner, Chessore, Nagaland",Nāgāland,landslide,unknown,medium,0,26.0977,94.7031,www.nagalandpost.com
1072,2009-08-08,"Bala, Pithoragarh, Uttarakhand (450Km from Deheradun)","Bala, Pithoragarh, Uttarakhand (450Km from Deheradun)",Uttarakhand,landslide,downpour,large,15,29.5885,80.2098,samaylive
2745,2010-11-23,"Kodaikanal-Thandigudi(Thandikudi)-Batlagundu hill road, Tamil Nadu province","Kodaikanal-Thandigudi(Thandikudi)-Batlagundu hill road, Tamil Nadu province",Tamil Nadu,landslide,downpour,medium,0,10.2462,77.582,print.dailymirror
336,2007-10-30,"bridge between Coonoor and Barliar, Tamil Nadu","bridge between Coonoor and Barliar, Tamil Nadu",Tamil Nadu,landslide,rain,medium,2,11.2777,77.1236,The hindu.com
3896,2011-07-08,Kottayam,Kottayam,Kerala,landslide,downpour,medium,1,9.5988,76.5289,ibnlive.in
4914,2013-12-06,"Rishikesh-Gangotri National Highway Near Mari Sainji Village, Uttarkashi, Uttarakhand","Rishikesh-Gangotri National Highway Near Mari Sainji Village, Uttarkashi, Uttarakhand",Uttarakhand,landslide,downpour,medium,0,30.7394,78.5306,m.timesofindia.com
9186,2016-07-25,"Imphal-Dimapur road  in Tadubi, Senapati district, Manipur, India","Imphal-Dimapur road  in Tadubi, Senapati district, Manipur, India",Manipur,landslide,continuous_rain,medium,0,25.48,94.1383,E-Pao
6934,2015-03-30,Karewas sink,Beerwah,Kashmir,landslide,continuous_rain,medium,0,34.0096,74.5915,Hindustan Times
3579,2011-08-06,"Batote-Doda Highway, Ramgarh(?), Baggar(Bagger)(?) area, Doda district, Jammu and Kashmir","Batote-Doda Highway, Ramgarh(?), Baggar(Bagger)(?) area, Doda district, Jammu and Kashmir",Kashmir,landslide,downpour,medium,4,33.1289,75.4325,2.timesdispatch
5107,2013-07-15,"National Highway 29 Near Phesama Village, Nagaland","National Highway 29 Near Phesama Village, Nagaland",Nāgāland,landslide,rain,medium,0,25.6269,94.1139,articles.timesofindia.indiatimes.com
7253,2015-07-22,Lakhipur,Lakhipur,Assam,landslide,continuous_rain,medium,5,24.7979,92.9974,Assam Times
1089,2009-08-16,"Gourishankar tea estate premises, Darjeeling, West Bengal","Gourishankar tea estate premises, Darjeeling, West Bengal",Bengal,landslide,downpour,medium,4,26.7914,88.363,news4u.co
7310,2015-08-15,Yamnotri highway,Yamnotri highway,Uttarakhand,landslide,continuous_rain,medium,0,30.9085,78.3299,Times of India
3668,2011-06-29,"Almora-Pithoragarh road, between Makrau and Thiari","Almora-Pithoragarh road, between Makrau and Thiari",Uttarakhand,landslide,downpour,medium,0,29.607,79.9298,news.in
6932,2015-03-23,Uri,Uri,Kashmir,landslide,continuous_rain,medium,0,34.0796,74.0357,Hindustan Times
4325,2012-04-16,"Gandoh, Doda district, Jammu","Gandoh, Doda district, Jammu",Kashmir,landslide,unknown,medium,1,33.1467,75.5488,ibnlive.in
5567,2013-09-30,"Dharasu, Uttarkashi, Uttarakhand","Dharasu, Uttarkashi, Uttarakhand",Uttarakhand,landslide,unknown,medium,1,30.6004,78.3154,www.thehindu.com
6286,2014-09-22,Garchuk,Garchuk,Assam,landslide,rain,small,0,26.1044,91.7082,Assam Tribune
2466,2010-09-19,"Kasauli-Parwanoo rd, Himachal Pradesh","Kasauli-Parwanoo rd, Himachal Pradesh",Himachal Pradesh,landslide,downpour,medium,0,30.8741,76.9576,himachal.us
7940,2015-03-09,Poonch,Poonch,Kashmir,landslide,unknown,medium,1,33.6794,74.2525,Daily Excelsior
2479,2010-09-20,"Pangi, NH-22, Himachal Pradesh","Pangi, NH-22, Himachal Pradesh",Himachal Pradesh,landslide,downpour,medium,0,31.5699,78.2844,himachal.us
7736,2016-02-06,Gunadala hill of Vijayawada,Gunadala hill of Vijayawada,Andhra Pradesh,rock_fall,downpour,small,1,16.5145,80.6526,New Indian Express
7040,2015-01-07,Sukhiapokhari,Sukhiapokhari,West Bengal,landslide,downpour,medium,1,26.9978,88.167,Hindustan Times
1212,2009-03-10,"Balussery, Kozhikode, Kerala","Balussery, Kozhikode, Kerala",Kerala,landslide,downpour,medium,0,11.4477,75.8289,thaindian
6782,2011-09-28,NH55 at Tindharia,NH55 at Tindharia,West Bengal,landslide,rain,medium,0,26.8545,88.3372,Telegraph
6891,2015-03-15,Shirpora,Shirpora,Kashmir,landslide,continuous_rain,small,0,34.1327,74.5594,Rising Kashmir
594,2008-06-19,"Namkaoluang village, Tamenglong-Sangrung (Khongsang) road, NH-53, Manipur","Namkaoluang village, Tamenglong-Sangrung (Khongsang) road, NH-53, Manipur",Manipur,mudslide,monsoon,medium,0,24.9336,93.8275,kanglaonline
3674,2011-06-29,Several roads in Uttarakhand,Several roads in Uttarakhand,Uttarakhand,landslide,downpour,large,10,30.0667,79.0193,ibnlive.in
5337,2013-08-16,"Yakshu, Nagaland","Yakshu, Nagaland",Nāgāland,landslide,rain,medium,0,26.4205,94.9731,www.morungexpress.com
6186,2014-07-30,"Malin, Pune, Maharashtra","Malin, Pune, Maharashtra",Maharashtra,mudslide,continuous_rain,large,151,19.162,73.6873,DNA India
3881,2011-05-08,Itanagar,Itanagar,Arunāchal Pradesh,landslide,downpour,medium,0,27.1034,93.6885,articles.timesofindia
3925,2011-08-15,"East Kameng, Arunachal Pradesh","East Kameng, Arunachal Pradesh",Arunāchal Pradesh,landslide,downpour,medium,0,27.4888,93.0153,indianexpress
5187,2013-07-25,"Malshej Ghat, Maharashtra","Malshej Ghat, Maharashtra",Maharashtra,rock_fall,downpour,small,2,19.3379,73.7767,articles.timesofindia.indiatimes.com
6867,2015-03-15,"Sonrigund Malangpora, Pulwama","Sonrigund Malangpora, Pulwama",Kashmir,landslide,continuous_rain,small,1,33.8911,74.9781,Greater Kashmir
2654,2010-10-27,"Poochapra(?), near Thodupuzha, Kattappana, Kerala","Poochapra(?), near Thodupuzha, Kattappana, Kerala",Kerala,landslide,downpour,medium,2,9.8678,76.7705,kerals
7383,2015-01-08,"Tuitung village, Khengjoi","Tuitung village, Khengjoi",Manipur,landslide,rain,medium,0,23.899,94.1434,Hindustan Times
2209,2010-06-08,"Phyang village, Leh, Ladakh, Jammu and Kashmir","Phyang village, Leh, Ladakh, Jammu and Kashmir",Kashmir,landslide,downpour,large,0,34.208,77.5101,alertnet
568,2008-03-06,Hindustan-Tibet National Highway near Matiana village,Hindustan-Tibet National Highway near Matiana village,Himachal Pradesh,landslide,rain,medium,0,31.2077,77.193,thaindian
5864,2014-12-02,"Siund - Neuli Rd, Neuli Shanshar, Himachal Pradesh 175123","Siund - Neuli Rd, Neuli Shanshar, Himachal Pradesh 175123",Himachal Pradesh,landslide,snowfall_snowmelt,large,0,31.8246,77.4702,The Times Of India India
8900,2016-07-07,"Imphal-Ukhrul sector of National Highway 102, Manipur, India","Imphal-Ukhrul sector of National Highway 102, Manipur, India",Manipur,landslide,monsoon,large,0,25.0118,94.3136,Eastern Mirror
9447,2016-05-08,"Banganga-Ardhkuwari road, enroute to he cave shrine of Mata Vaishnodevi in Jammu and Kashmir’s Reasi district","Banganga-Ardhkuwari road, enroute to he cave shrine of Mata Vaishnodevi in Jammu and Kashmir’s Reasi district",Kashmir,landslide,downpour,medium,5,33.0068,74.9455,India Express
4757,2013-02-18,"East Siang, Arunachal Pradesh","East Siang, Arunachal Pradesh",Arunāchal Pradesh,landslide,rain,medium,3,28.1193,95.1645,articles.timesofindia.indiatimes.com
2427,2010-09-13,"near Rahni Nullah(?), on Manali-Rohtang hwy, Himachal Pradesh","near Rahni Nullah(?), on Manali-Rohtang hwy, Himachal Pradesh",Himachal Pradesh,landslide,downpour,medium,0,32.3109,77.2195,timesofindia.indiatimes
7666,2015-11-08,Tousem,Tousem,Manipur,landslide,continuous_rain,medium,0,25.1019,93.3729,E-PAO
2492,2010-09-23,"Jammu-Srinagar hwy, Magarkote area, Ramban district, Jammu and Kashmir","Jammu-Srinagar hwy, Magarkote area, Ramban district, Jammu and Kashmir",Kashmir,landslide,downpour,medium,0,33.2714,75.17707,South Asian News Agency
7284,2015-07-27,"Batote-Kishtwar highway, Kishtwar stretch","Batote-Kishtwar highway, Kishtwar stretch",Kashmir,landslide,downpour,small,0,33.2706,75.7702,Greater Kashmir
6931,2015-03-23,Shopian district,Shopian district,Kashmir,landslide,continuous_rain,large,0,33.7099,74.7959,Hindustan Times
8287,2015-09-21,Jivdani Temple,Jivdani Temple,Maharashtra,landslide,downpour,medium,1,19.4662,72.8276,Nyoooz
4981,2013-06-25,"First Hairpin Bend, Kerala-Tamil Nadu Inter-State Highway, Nadukani Ghat Road Connecting Nilambur With Gudallur In Tamilnadu","First Hairpin Bend, Kerala-Tamil Nadu Inter-State Highway, Nadukani Ghat Road Connecting Nilambur With Gudallur In Tamilnadu",Tamil Nadu,landslide,downpour,medium,0,10.9628,77.5947,timesofindia.indiatimes.com
3813,2011-07-20,National Highway 31A in West Bengal's Darjeeling district,National Highway 31A in West Bengal's Darjeeling district,Bengal,landslide,rain,small,0,27.1141,88.4658,twocircles.net
2113,2010-07-21,"Singtam-Mangan rd, Sikkim","Singtam-Mangan rd, Sikkim",Sikkim,landslide,downpour,medium,0,27.3773,88.559,kuenselonline
2045,2010-06-07,"Tuensang, Nagaland","Tuensang, Nagaland",Nāgāland,mudslide,monsoon,medium,0,26.2363,94.8133,morungexpress
7701,2015-08-19,Phesama,Phesama,Nagaland,landslide,continuous_rain,medium,0,25.6278,94.1051,Nagaland Post
2470,2010-09-19,"Dehradun-Mussoorie rd, Himachal Pradesh","Dehradun-Mussoorie rd, Himachal Pradesh",Uttarakhand,landslide,downpour,medium,0,30.4326,78.0767,sify.com
3757,2011-10-07,Nalupani area in Uttarkashi district,Nalupani area in Uttarkashi district,Uttarakhand,landslide,downpour,medium,0,30.7333,78.4399,ibnlive.in
2422,2010-09-13,"Hunthar Veng, Mizoram","Hunthar Veng, Mizoram",Mizoram,landslide,downpour,medium,0,23.74183,92.71419,Mizoram Express
6513,2014-08-14,Sabroom,Sabroom,Tripura,mudslide,downpour,medium,3,23.0137,91.7174,New Indian Express
940,2008-12-20,"Panthal in Ramban district, National Highway 1; 174 km from Jammu","Panthal in Ramban district, National Highway 1; 174 km from Jammu",Kashmir,landslide,rain,medium,0,33.245,75.247,sakaaltimes
4990,2013-06-27,"Near Changu Lake, 15Km Away From Nathu La, On India-China Border In Eastern Sikkim","Near Changu Lake, 15Km Away From Nathu La, On India-China Border In Eastern Sikkim",Sikkim,landslide,downpour,medium,0,27.3765,88.7628,www.indiatvnews.com
4277,2012-03-19,"Gurez, Kashmir","Gurez, Kashmir",Kashmir,rock_fall,rain,medium,1,34.6507,74.7362,google
3886,2011-06-08,"Pallippady in Koruthode panchayat, Cholathadam in Poonjar Thekkekkara Pallippady in Koruthode panchayat and Cholathadam in Poonjar Thekkekkara panchay","Pallippady in Koruthode panchayat, Cholathadam in Poonjar Thekkekkara Pallippady in Koruthode panchayat and Cholathadam in Poonjar Thekkekkara panchayat",Kerala,landslide,downpour,medium,0,9.4237,76.9371,thehindu
2248,2010-08-14,"Noklak-Tuensang road, Nagaland","Noklak-Tuensang road, Nagaland",Nāgāland,landslide,downpour,medium,0,26.222,94.9152,morungexpress
5268,2013-04-08,"Zunheboto, Nagaland","Zunheboto, Nagaland",Nāgāland,landslide,continuous_rain,medium,0,26.0137,94.5163,www.morungexpress.com
6014,2014-07-05,"Raigad District, Maharashtra","Raigad District, Maharashtra",Maharashtra,landslide,rain,small,0,18.5158,73.1822,The Times of India
6340,2014-11-09,Parsad on NH-8,Parsad on NH-8,Rajasthan,landslide,continuous_rain,medium,0,24.1965,73.703,Times of India
6106,2014-06-26,Narakasur,Narakasur,Assam,landslide,continuous_rain,small,3,26.1407,91.7645,Two Circles
3965,2011-06-09,NH 37 at Awang Khul,NH 37 at Awang Khul,Assam,landslide,rain,medium,3,24.808,93.117,e-pao.net
858,2008-10-22,Mughal Road at Lal Ghulam Pahari (25 km from Shopian),Mughal Road at Lal Ghulam Pahari (25 km from Shopian),Kashmir,landslide,downpour,medium,2,33.6549,74.6326,74.125
9328,2016-05-20,"Eraniel station,  Kanyakumari district, India","Eraniel station,  Kanyakumari district, India",Tamil Nadu,landslide,unknown,small,0,8.2117,77.312,the Hindu
6460,2014-09-08,Baskatwa in Gaya district,Baskatwa in Gaya district,Bihar,rock_fall,unknown,medium,0,24.544,85.3492,Zee News
8935,2016-12-07,"Gaunsawaddo, Mapusa, Goa, India","Gaunsawaddo, Mapusa, Goa, India",Goa,landslide,monsoon,small,0,15.6019,73.8093,The Goan
3900,2011-08-08,"Govindghat, on the Rishikesh-Badrinath highway","Govindghat, on the Rishikesh-Badrinath highway",Uttarakhand,landslide,downpour,medium,0,30.6521,79.5566,china
1092,2009-08-16,near the Rohini-Sirubari road,near the Rohini-Sirubari road,Bengal,landslide,downpour,medium,1,26.74452,88.40012,Bengal Newz
1111,2009-08-20,"Melli Chalisey, Sikkim","Melli Chalisey, Sikkim",Bengal,landslide,downpour,medium,0,27.1344,88.4575,beacononline.wordpress
7035,2015-06-30,Mahindra,Mahindra,West Bengal,landslide,downpour,medium,3,25.4243,88.2746,International Business Times
6969,2015-06-16,"Nakham Bazaar, Tura, Meghalaya","Nakham Bazaar, Tura, Meghalaya",Meghalaya,landslide,downpour,medium,4,25.5114,90.215,The Shillong Times
2044,2010-06-07,"Kiphire,  Nagaland","Kiphire,  Nagaland",Nāgāland,mudslide,monsoon,medium,0,25.8877,94.7861,morungexpress
2587,2010-10-10,"Lower Chandmari area, PWD department, Kohima, Manipur","Lower Chandmari area, PWD department, Kohima, Manipur",Nāgāland,landslide,downpour,medium,0,25.6623,94.1072,morungexpress
8684,2016-07-07,"Kamrup district, Assam, India","Kamrup district, Assam, India",Assam,landslide,continuous_rain,medium,2,25.9611,91.3681,Hindustan Times
5263,2013-04-08,"Kunjuthanni, Idukki, Kerala","Kunjuthanni, Idukki, Kerala",Kerala,landslide,monsoon,medium,2,9.9995,77.0309,www.deccanchronicle.com
6949,2015-06-22,Dabhol village of Maharashtra's Ratnagiri district,Dabhol village of Maharashtra's Ratnagiri district,Maharashtra,landslide,downpour,medium,12,17.5861,73.1742,dna
1596,2010-03-27,"LangthAbal Khoupum, Imphal, Manipur","LangthAbal Khoupum, Imphal, Manipur",Manipur,mudslide,downpour,medium,0,24.7339,93.9161,news.oneindia
5320,2013-08-13,"Kot Village Of Tehri District, Uttarakhand","Kot Village Of Tehri District, Uttarakhand",Uttarakhand,landslide,downpour,medium,2,30.6014,78.3449,post.jagran.com
4482,2012-08-17,"Ernakulam, Kerala (Monsoon)","Ernakulam, Kerala (Monsoon)",Kerala,landslide,downpour,large,4,10.0604,76.635,dailypioneer.com
5130,2013-07-18,"Netali Maneri Marg, Uttarkashi District, Uttarakhand","Netali Maneri Marg, Uttarkashi District, Uttarakhand",Uttarakhand,debris_flow,downpour,small,0,30.7314,78.4347,post.jagran.com
1771,2010-04-20,"Raj Bhavan Guwahati, Assam","Raj Bhavan Guwahati, Assam",Assam,landslide,downpour,medium,0,26.1978,91.7665,assamtribune
710,2008-12-08,"Ayanur near Neriya, Karnataka","Ayanur near Neriya, Karnataka",Karnataka,landslide,downpour,large,0,13.986,75.452,daijiworld
7364,2015-07-31,Phungyar road,Phungyar road,Manipur,landslide,continuous_rain,medium,0,24.819,94.3551,E-PAO
3141,2011-02-23,"Rishikesh-Badrinath national highway to Rudraprayag, Chamoli, and Badrinath, Uttarakhand","Rishikesh-Badrinath national highway to Rudraprayag, Chamoli, and Badrinath, Uttarakhand",Uttarakhand,landslide,downpour,medium,0,30.4749,79.2293,zeenews
3913,2011-12-08,"The Chardham yatra, shrines of Badrinath, Kedarnath, Gangotri, and Yamunotri","The Chardham yatra, shrines of Badrinath, Kedarnath, Gangotri, and Yamunotri",Uttarakhand,landslide,rain,medium,0,29.9121,78.1723,ibnlive.in
6968,2015-06-13,"Ratacherra village along the NH-44 connecting to Barak Valley in Assam and Tripura, Meghalaya, Mizoramon","Ratacherra village along the NH-44 connecting to Barak Valley in Assam and Tripura, Meghalaya, Mizoramon",Meghalaya,landslide,continuous_rain,medium,4,25.463,92.2121,newKarala
7373,2015-01-08,between Maku village and Kamjong sub division,between Maku village and Kamjong sub division,Manipur,landslide,continuous_rain,medium,0,24.9111,94.4759,E-PAO
3893,2011-07-08,Rishikesh- Gangotri national highway in Maneri area of Uttarkashi district,Rishikesh- Gangotri national highway in Maneri area of Uttarkashi district,Goa,landslide,downpour,medium,0,15.7067,73.9551,ibnlive.in
4570,2012-09-19,Arunachal Pradesh,Arunachal Pradesh,Arunāchal Pradesh,landslide,downpour,medium,0,27.8458,95.2253,articles.timesofindia
443,2008-03-02,Landslides stop traffic,along Sringar Jammu highway between Panthial and Nachlana,Kashmir,landslide,downpour,medium,0,33.33281,75.2132,The Indian Express
5399,2013-08-25,"Borra Caves, Andhra Pradesh","Borra Caves, Andhra Pradesh",Andhra Pradesh,rock_fall,other,small,0,18.2807,83.0394,articles.timesofindia.indiatimes.com
2260,2010-08-17,"Rajeev Nagar(?) or Narayan Nagar, Asalfa village, between Ghatkopar and Saki Naka area, somewhere near Lal Bahadur Shastri, Andheri Suburb. Mumbai urb","Rajeev Nagar(?) or Narayan Nagar, Asalfa village, between Ghatkopar and Saki Naka area, somewhere near Lal Bahadur Shastri, Andheri Suburb. Mumbai urban center,",Maharashtra,landslide,downpour,medium,1,19.0997,72.8974,ndtv
1935,2010-03-06,"atharamura hills, Highway 44, Tripura","atharamura hills, Highway 44, Tripura",Tripura,landslide,downpour,medium,0,23.8986,91.7599,Telegraph India
2480,2010-09-20,"Kullu village(or district?) below agricultural lands, Himachal Pradesh","Kullu village(or district?) below agricultural lands, Himachal Pradesh",Himachal Pradesh,landslide,downpour,medium,0,31.944,77.1179,himachal.us
6371,2014-03-09,Kala Zar in Reasi district,Kala Zar in Reasi district,Kashmir,landslide,downpour,medium,5,33.1253,74.8288,International Business Times
9477,2016-07-08,Reasi,Reasi,Kashmir,landslide,continuous_rain,medium,0,33.0716,74.839,Indian Express
6022,2014-12-05,Srinagar Muzafarabad Road,Srinagar Muzafarabad Road,Kashmir,landslide,rain,small,0,34.0893,74.0241,Rising Kashmir
2577,2010-09-10,"NH-39 near Khongnem(?) village, between Imphal and Dimapur, Manipur","NH-39 near Khongnem(?) village, between Imphal and Dimapur, Manipur",Nāgāland,landslide,downpour,medium,0,25.5265,93.8673,e-pao
4975,2013-06-24,"Sirobhgarh Bend, Srinagar-Rudraprayag Highway, Uttarakhand, Northern India","Sirobhgarh Bend, Srinagar-Rudraprayag Highway, Uttarakhand, Northern India",Uttarakhand,landslide,downpour,medium,0,30.2524,78.9228,www.business-standard.com
2397,2010-06-09,"road to Manali, Himachal Pradesh","road to Manali, Himachal Pradesh",Himachal Pradesh,landslide,downpour,medium,0,32.0987,77.1495,sawfnews
8944,2015-11-14,Padmavathy Nagar in West Velachery,Padmavathy Nagar in West Velachery,Tamil Nadu,landslide,rain,medium,0,12.9746,80.2119,The Hindu
3678,2011-06-30,"Pauri-Safdarkhal road, blocked at Khundadhar","Pauri-Safdarkhal road, blocked at Khundadhar",Uttarakhand,landslide,downpour,medium,0,30.15,78.7753,ibnlive.in
7172,2015-03-04,Diwalkund in Dessa belt of Doda district,Diwalkund in Dessa belt of Doda district,Kashmir,landslide,continuous_rain,medium,4,33.1445,75.5469,State Times
7276,2015-07-25,"Dispur : According to report, a huge hillock slipped into the house after heavy rain where Dinesh Bodo along with his wife and daughter lived in. Thi*",,Assam,landslide,continuous_rain,medium,2,26.1062,91.8717,ASSAM Talks
2390,2010-04-09,"Karmkund(?), on Rishikesh-Gangotri hwy","Karmkund(?), on Rishikesh-Gangotri hwy",Uttarakhand,landslide,downpour,medium,0,30.796,78.623,economictimes.indiatimes
2017,2010-06-25,"tracks near Kulshekar, between Padil and Thokur, Mangalore to Mumbai","tracks near Kulshekar, between Padil and Thokur, Mangalore to Mumbai",Karnataka,landslide,downpour,medium,0,12.89163,74.88549,Daijiworld 
9264,2016-07-31,"Hanogi on the Mandi-Kullu National Highway (NH-21), Himachal Pradesh, India","Hanogi on the Mandi-Kullu National Highway (NH-21), Himachal Pradesh, India",Himachal Pradesh,landslide,rain,medium,0,31.6865,77.1043,Tribune India
2139,2010-07-25,Ruldu Bhatta locality near Lakkar Bazaar,Ruldu Bhatta locality near Lakkar Bazaar,Himachal Pradesh,landslide,downpour,medium,0,31.1054,77.1727,Indian Express
3558,2011-05-31,"road to Yamunotri shrine, Uttarakashi","road to Yamunotri shrine, Uttarakashi",Uttarakhand,landslide,rain,medium,0,30.9206,78.3276,news.in
2576,2010-09-10,"NH-39 at Tobio village(?), 7 km form Tadubi, Manipur","NH-39 at Tobio village(?), 7 km form Tadubi, Manipur",Nāgāland,landslide,downpour,medium,0,25.4788,94.1399,e-pao
7598,2015-06-08,the cave shrine located in Trikuta Hills of Reasi district,the cave shrine located in Trikuta Hills of Reasi district,Kashmir,landslide,unknown,medium,0,33.1078,74.7756,webindia123
3763,2011-12-07,the Ridge in downtown Shimla,the Ridge in downtown Shimla,Himachal Pradesh,landslide,downpour,small,0,31.10588,77.17798,My Himachal
9037,2015-07-12,Hanogi,Hanogi,Himachal Pradesh,rock_fall,unknown,medium,0,31.6817,77.1209,GeoEngineer
3907,2011-11-08,Jammu-Srinagar National Highway in Jammu City,Jammu-Srinagar National Highway in Jammu City,Kashmir,landslide,downpour,medium,0,32.7327,74.8556,indianexpress
1102,2009-08-19,"Sombaria, West Sikkim","Sombaria, West Sikkim",,landslide,downpour,medium,2,27.2644,88.1365,beacononline.wordpress
6872,2015-03-15,Poonch district,Poonch district,Kashmir,mudslide,rain,medium,1,33.7732,74.1011,Samaya
9630,2016-04-10,Mahakali river at Bangabagad,Mahakali river at Bangabagad,Uttarakhand,rock_fall,unknown,medium,0,29.8521,80.553,ekantipur
1056,2009-07-22,"Darjeeling, West Bengal","Darjeeling, West Bengal",Bengal,landslide,downpour,medium,0,27.04,88.264,blog.taragana
6293,2014-10-20,South West Garo Hills,South West Garo Hills,Meghalaya,landslide,rain,medium,6,25.5006,90.0896,TIMES OF INDIA
5183,2013-07-24,"Tefana, Uttarakhand","Tefana, Uttarakhand",Uttarakhand,landslide,downpour,medium,0,30.3056,79.3286,www.thehindubusinessline.com
2444,2010-09-18,"Nainital district, Uttarakhand","Nainital district, Uttarakhand",Uttarakhand,landslide,downpour,medium,4,29.2484,79.5371,indiatoday.intoday
4858,2013-11-05,"Nursery, North Guwahati, Guwahati, Assam,","Nursery, North Guwahati, Guwahati, Assam,",Assam,landslide,rain,medium,0,26.1662,91.7138,articles.timesofindia.indiatimes.com
3610,2011-06-14,"Narvem-Pilgao Road, Bicholim","Narvem-Pilgao Road, Bicholim",Goa,landslide,downpour,medium,0,15.5935,73.9434,timesofindia.indiatimes
5269,2013-04-08,"Tizu, Nagaland","Tizu, Nagaland",Nāgāland,landslide,continuous_rain,medium,0,25.8376,94.5234,www.nagalandpost.com
5270,2013-04-08,"Phizo, Nagaland","Phizo, Nagaland",Nāgāland,landslide,continuous_rain,medium,0,26.0481,94.4619,www.nagalandpost.com
8682,2016-05-06,"Kakolat Falls, Rajauli Sub-division, India","Kakolat Falls, Rajauli Sub-division, India",Bihar,rock_fall,downpour,medium,0,24.6997,85.6285,Times of India
6284,2014-09-22,Batahghuli,Batahghuli,Assam,landslide,rain,small,0,26.1324,91.8342,Assam Tribune
157,2007-06-08,"Srinagar-Jammu Highway, Rāmban District","Srinagar-Jammu Highway, Rāmban District",Kashmir,landslide,rain,medium,0,33.2451,75.2257,Kashmir Observer.com
2465,2010-09-19,"Karsog-Rampur rd, Himachal Pradesh","Karsog-Rampur rd, Himachal Pradesh",Himachal Pradesh,landslide,downpour,medium,0,31.4161,77.4153,himachal.us
2798,2010-09-12,Kuzhithura-Erannial(Erani)(?) section of Nagercoil-Thiruvananthapuram railway,Kuzhithura-Erannial(Erani)(?) section of Nagercoil-Thiruvananthapuram railway,Tamil Nadu,landslide,downpour,medium,0,8.3295,77.1963,netindian.in
2202,2010-05-08,"Basantpur or Gouchar village (two conflicting sources), Chamoli district","Basantpur or Gouchar village (two conflicting sources), Chamoli district",Uttarakhand,landslide,downpour,medium,5,30.4068,79.3351,hindustantimes
6369,2014-04-09,Adhkuwari,Adhkuwari,Kashmir,rock_fall,downpour,small,0,33.0086,74.9426,Indian Express
4394,2012-07-06,"Rolep, South Sikkim( Mapping to Rhenock 12 miles from Rolep)","Rolep, South Sikkim( Mapping to Rhenock 12 miles from Rolep)",Sikkim,landslide,rain,large,7,27.1748,88.6458,Telegraph India
6146,2014-07-15,"Kalimpong, West Bengal","Kalimpong, West Bengal",West Bengal,landslide,rain,small,0,27.059,88.4694,Business Standard
5017,2013-03-07,"Anmod Ghat Road, Goa-Karnataka Border","Anmod Ghat Road, Goa-Karnataka Border",,landslide,downpour,medium,0,15.4123,74.2664,www.ndtv.com
9251,2016-07-28,"Government Middle School (GMS) Kiphire station “B”, Kiphire, Nagaland, India","Government Middle School (GMS) Kiphire station “B”, Kiphire, Nagaland, India",Nagaland,landslide,downpour,medium,0,25.8702,94.7844,Nagaland Post
7699,2015-08-19,Zunheboto district,Zunheboto district,Nagaland,landslide,continuous_rain,medium,0,26.0214,94.5224,Web India 123
3660,2011-06-27,"Karnataka coast, Mangalore","Karnataka coast, Mangalore",Karnataka,landslide,downpour,large,0,12.9141,74.856,daijiworld
5224,2013-07-28,"Samkot Village Of Pithoragarhi, Uttarakhand","Samkot Village Of Pithoragarhi, Uttarakhand",Uttarakhand,mudslide,downpour,small,1,29.9964,80.201,ibnlive.in.com
7664,2015-11-08,Nungba,Nungba,Manipur,landslide,continuous_rain,medium,0,24.7459,93.4251,E-PAO
6871,2015-03-15,Haari village of Poonch district,Haari village of Poonch district,Kashmir,mudslide,snowfall_snowmelt,medium,1,33.6846,74.2453,Samaya
1088,2009-08-16,"Kerseong, Sub-division, Siliguri district, West Bengal","Kerseong, Sub-division, Siliguri district, West Bengal",Bengal,landslide,downpour,medium,5,26.88676,88.28045,hamaraphotos.com
8866,2015-10-25,Ramsoo area of Ramban district,Ramsoo area of Ramban district,Kashmir,landslide,downpour,medium,0,33.3041,75.1982,NDTV
6948,2015-06-22,Mumbai-Pune Expressway near Khandala Tunnel,Mumbai-Pune Expressway near Khandala Tunnel,Maharashtra,rock_fall,monsoon,small,0,18.7686,73.3678,dna
7589,2015-08-19,National Highway 44,National Highway 44,Meghalaya,landslide,rain,medium,0,25.2568,92.3825,International Business Times
6264,2014-12-10,Panikikata hill,Panikikata hill,Odisha,landslide,tropical_cyclone,large,0,19.2046,84.1917,Odisha Sun-Times
7027,2015-06-25,Srinigar-Ladakh highway,Srinigar-Ladakh highway,Kashmir,landslide,downpour,medium,0,34.6056,76.0539,The Northlines
7887,2015-08-16,Hawai,Hawai,Arunachal Pradesh,landslide,continuous_rain,medium,0,27.8835,96.9262,The Times of India
7226,2015-07-18,Jheol village in Dharamsala subdivision,Jheol village in Dharamsala subdivision,Himachal Pradesh,landslide,monsoon,medium,0,32.2239,76.3226,Hindustantimes
9404,2016-01-05,"Hayuliang, Anjaw district,Arunachal Pradesh, India","Hayuliang, Anjaw district,Arunachal Pradesh, India",Arunachal Pradesh,landslide,downpour,medium,0,28.0822,96.5316,Business Standard
1289,2009-08-11,"Marayoor in Idukki district, Kerala","Marayoor in Idukki district, Kerala",Tamil Nadu,landslide,downpour,medium,1,10.3018,77.1711,asianetindia
6287,2014-09-22,Dhirenpara,Dhirenpara,Assam,landslide,rain,small,0,26.1295,91.7056,Assam Tribune
7367,2014-08-08,Chohla,Chohla,Himachal Pradesh,landslide,unknown,medium,0,32.2237,76.3369,Times of India
2296,2010-08-20,"many locations around Namchi, Sikkim","many locations around Namchi, Sikkim",Sikkim,complex,downpour,medium,0,27.167,88.3652,thehimalayanbeacon.com
4933,2013-06-16,"Kinnaur District, Himachal Pradesh","Kinnaur District, Himachal Pradesh",Himachal Pradesh,landslide,downpour,medium,4,31.5986,78.4384,english.samaylive.com
8221,2015-09-16,"Dumuriput, Odisha 764021, India","Dumuriput, Odisha 764021, India",Odisha,landslide,downpour,medium,0,18.7828,82.7935,Odisha Sun Times
9120,2015-12-24,New Friends Colony,New Friends Colony,NCT,landslide,construction,small,1,28.5746,77.2791,The Hindu
3374,2011-04-17,"Khadpora(?), Kandi area(?) on the outskirts of the Baramulla town, Jammu and Kashmir","Khadpora(?), Kandi area(?) on the outskirts of the Baramulla town, Jammu and Kashmir",Kashmir,landslide,downpour,medium,0,34.1802,74.2718,kashmirobserver
2229,2010-09-08,"Menagarh near Sukki on Rishikesh – Gangotri highway, Uttarakhand","Menagarh near Sukki on Rishikesh – Gangotri highway, Uttarakhand",Uttarakhand,landslide,downpour,medium,0,30.5151,78.3684,gsi.gov
2339,2010-08-26,"Matak Mahari(?), near Dehradun, Uttarakhand","Matak Mahari(?), near Dehradun, Uttarakhand",Uttarakhand,landslide,downpour,medium,0,30.365,78.0641,sify.com
149,2007-07-30,Joshimath,Joshimath,Uttarakhand,landslide,downpour,medium,0,30.557,79.56,Red Cross - Field reports
2590,2010-11-10,"ghat road of the Kanaka Durga temple, Vijayawada district","ghat road of the Kanaka Durga temple, Vijayawada district",Andhra Pradesh,landslide,downpour,medium,0,16.5141,80.6058,fullhyderabad
2304,2010-08-21,"NH 39 at Kigwema(?), between Mao Gate and Kohima, Nagaland","NH 39 at Kigwema(?), between Mao Gate and Kohima, Nagaland",Nāgāland,landslide,downpour,medium,0,25.5718,94.1211,e-pao
5273,2013-04-08,"Zhekuto, Nagaland","Zhekuto, Nagaland",Nāgāland,landslide,monsoon,medium,0,26.1807,94.5497,www.nagalandpost.com
4946,2013-06-17,"Chagoan Village Near Tapri, 220 Km From The State Capital Shimla, Kinnaur District, Himachal Pradesh","Chagoan Village Near Tapri, 220 Km From The State Capital Shimla, Kinnaur District, Himachal Pradesh",Himachal Pradesh,landslide,downpour,medium,5,31.6223,78.0193,zeenews.india.com
1125,2009-08-26,"17th Mile towards Tsomgo Lake, near Kyongsala, Sikkim","17th Mile towards Tsomgo Lake, near Kyongsala, Sikkim",Sikkim,landslide,rain,medium,0,27.3746,88.7648,beacononline.wordpress
6538,2014-08-20,near Meeru on Chulling-Tapri road,near Meeru on Chulling-Tapri road,Himachal Pradesh,landslide,unknown,medium,2,31.5216,78.1346,Times of India
131,2007-07-20,4 locations in the Kannur district,4 locations in the Kannur district,Kerala,landslide,downpour,medium,0,11.855,75.361,Red Cross - Field reports
4658,2012-11-12,"Kashimir Valley, Jammu and kashmir","Kashimir Valley, Jammu and kashmir",Kashmir,mudslide,rain,medium,0,32.9522,75.1533,ndtv
8995,2016-07-14,"Noonmati Nijarapar area of the city, Guwahati, Assam, India","Noonmati Nijarapar area of the city, Guwahati, Assam, India",Assam,landslide,monsoon,small,1,26.1963,91.8074,Indian Express
6827,2015-05-03,Srinagar-Muzaffarabad road near Dankhan area in Baramulla,Srinagar-Muzaffarabad road near Dankhan area in Baramulla,Kashmir,landslide,continuous_rain,medium,0,34.2092,74.321,Kashmir Reader
2112,2010-07-21,"Zang(?), east Sikkim","Zang(?), east Sikkim",,landslide,downpour,medium,0,27.5509,88.6475,himalnews.wordpress
2455,2010-09-19,"road to Shivpur(Shivpuri), Pauri Garhwal district, Uttarakhand","road to Shivpur(Shivpuri), Pauri Garhwal district, Uttarakhand",Uttarakhand,landslide,downpour,medium,0,30.1035,78.4265,Telegraph India
1134,2009-03-09,Marhi region of Himachal Pradesh,Marhi region of Himachal Pradesh,Himachal Pradesh,landslide,rain,medium,0,32.351,77.2234,dailyindia
2567,2010-08-10,"Phek, Manipur","Phek, Manipur",Manipur,complex,downpour,medium,0,25.6633,94.4703,morungexpress
6250,2014-12-10,Medrasula village of Madula panchayat of Araku mandal,Medrasula village of Madula panchayat of Araku mandal,Andhra Pradesh,debris_flow,tropical_cyclone,medium,5,18.3297,82.9565,Deccan Chronicle
241,2007-07-09,"National Highway 31A between Rangpo and Tarkhola, in East Sikkim","National Highway 31A between Rangpo and Tarkhola, in East Sikkim",,landslide,rain,large,0,27.201,88.4883,thestatesman.net
9318,2016-05-23,"Chakrata, Uttarakhand, India","Chakrata, Uttarakhand, India",Uttarakhand,rock_fall,rain,small,10,30.7007,77.8644,DNA India
6631,2015-05-01,Hindon River in Ghaziabad,Hindon River in Ghaziabad,Uttar Pradesh,other,unknown,small,0,28.6363,77.3957,News Nation
2432,2010-09-15,"road to Sangla and Bhaba and Sorang(?) valleys, Kinnaur, Himachal Pradesh","road to Sangla and Bhaba and Sorang(?) valleys, Kinnaur, Himachal Pradesh",Himachal Pradesh,landslide,downpour,medium,0,31.4135,77.895,news.outlookindia
3127,2011-02-16,"near Digdol, Jammu-Srinagar hwy, Jammu and Kashmir","near Digdol, Jammu-Srinagar hwy, Jammu and Kashmir",Kashmir,landslide,downpour,medium,0,33.3308,75.1774,greaterkashmir
4485,2012-08-17,"Palomala, Thaland","Palomala, Thaland",Kerala,landslide,downpour,medium,0,9.7268,76.8081,ibnlive.in
6530,2014-08-17,Rengpeth village,Rengpeth village,Kashmir,landslide,downpour,medium,0,34.5382,74.2493,Outlook News
5088,2013-12-07,"Lohardobha Billage, Dhari, Nainital","Lohardobha Billage, Dhari, Nainital",Uttarakhand,mudslide,downpour,medium,6,29.3802,79.4633,www.newsworms.com
3794,2011-07-17,West Bengal-Sikkim at highway Rambi,West Bengal-Sikkim at highway Rambi,Sikkim,landslide,rain,medium,0,26.99196,88.42281,Hindu
481,2008-03-17,"Nehrukund in Manali, Himachal Pradesh","Nehrukund in Manali, Himachal Pradesh",Himachal Pradesh,landslide,snowfall_snowmelt,medium,25,32.2862,77.1613,thaindian
5196,2013-07-25,"Uttarkashi, Uttarakhand","Uttarkashi, Uttarakhand",Uttarakhand,landslide,continuous_rain,medium,0,30.8928,78.48,www.newindianexpress.com
3616,2011-06-17,"Angod, Mapusa","Angod, Mapusa",Goa,landslide,rain,medium,0,15.5931,73.8119,articles.timesofindia
2340,2010-08-26,"Koti bridge(?), Chamba-Langera-Bhadarwah border road connecting Doda district of Jammu and Kashmir with Himachal Pradesh","Koti bridge(?), Chamba-Langera-Bhadarwah border road connecting Doda district of Jammu and Kashmir with Himachal Pradesh",Himachal Pradesh,landslide,downpour,medium,0,32.7029,75.9568,en.wikipedia
8472,2016-02-07,"43 km-point on Mughal Road, Poonch district, Jammu and Kashmir, India","43 km-point on Mughal Road, Poonch district, Jammu and Kashmir, India",Kashmir,landslide,unknown,medium,0,33.6296,74.5264,Greater Kashmir
2469,2010-09-19,"Rajgarh-Habban road, Himachal Pradesh","Rajgarh-Habban road, Himachal Pradesh",Himachal Pradesh,landslide,downpour,medium,0,30.9009,77.4668,himachal.us
7312,2015-08-15,Adoshi Tunnel,Adoshi Tunnel,Maharashtra,rock_fall,monsoon,small,0,18.7631,73.3471,Nyooz
5043,2013-06-07,"Jogindernagar, Himachal Pradesh","Jogindernagar, Himachal Pradesh",Himachal Pradesh,landslide,downpour,small,0,31.9906,76.7907,articles.timesofindia.indiatimes.com
8921,2015-07-11,Nilgiri Mountain Rail's Barliar-Coonoor sector,Nilgiri Mountain Rail's Barliar-Coonoor sector,Tamil Nadu,rock_fall,unknown,small,0,11.3432,76.8285,The Economic Times
5384,2013-08-22,Panjarpol On The Eastern Freeway,Panjarpol On The Eastern Freeway,Maharashtra,landslide,continuous_rain,medium,0,19.0402,72.9089,www.indianexpress.com
5086,2013-12-07,"Nainital District, Uttarakhand","Nainital District, Uttarakhand",Uttarakhand,landslide,rain,medium,6,29.3802,79.4633,www.newsworms.com
5215,2013-07-27,Balsori Villages In The Akhrori Area,Balsori Villages In The Akhrori Area,Uttarakhand,landslide,rain,medium,0,30.4521,78.754,www.indiatvnews.com
9465,2016-07-08,"Sheroora-Subardhar village,15 Km from Bhadarwah town","Sheroora-Subardhar village,15 Km from Bhadarwah town",Kashmir,landslide,continuous_rain,medium,2,32.9834,75.6953,Greater Kashmir
5283,2013-05-08,"Painavu, Kerala","Painavu, Kerala",Kerala,landslide,monsoon,medium,1,9.8539,76.9468,www.deccanchronicle.com
2134,2010-07-25,Nivsar area,Nivsar area,Maharashtra,landslide,downpour,medium,0,16.94054,73.46485,DNA India
5359,2013-08-18,Rishikesh-Gangotri Highway,Rishikesh-Gangotri Highway,Uttarakhand,landslide,rain,medium,0,30.742,78.4543,zeenews.india.com
6285,2014-09-22,VIP Road,VIP Road,Assam,landslide,rain,small,0,26.159,91.8178,Assam Tribune
868,2008-10-29,"Kamrup, and Sonitpur, Assam","Kamrup, and Sonitpur, Assam",Assam,landslide,downpour,medium,7,26.3333,91.25,in.reuters
6294,2014-06-09,Dhok Bagla near Kotranka,Dhok Bagla near Kotranka,Kashmir,landslide,continuous_rain,medium,3,33.3551,74.5128,Big News Network
5005,2013-01-07,"Walo Ward, Mon Town, Wokha District, Nagaland","Walo Ward, Mon Town, Wokha District, Nagaland",Nāgāland,landslide,downpour,medium,0,26.72,95.029,www.nagalandpost.com
3860,2011-07-29,"Maram, Manipur","Maram, Manipur",Nāgāland,landslide,rain,medium,0,25.4192,94.108,kanglaonline.com
9584,2016-11-10,NH 66 at Mudaga,NH 66 at Mudaga,Karnataka,landslide,downpour,medium,0,14.8009,74.118,New Indian Express
5476,2013-07-09,14 Milestone Of J N Marg Near Kyangnosola (East Sikkim),14 Milestone Of J N Marg Near Kyangnosola (East Sikkim),Sikkim,landslide,rain,medium,0,27.3736,88.7323,articles.timesofindia.indiatimes.com
1032,2009-05-26,"Rangiabong (Jorbungalow), Darjeeling, West Bengal","Rangiabong (Jorbungalow), Darjeeling, West Bengal",Bengal,landslide,tropical_cyclone,medium,6,27.0095,88.2592,headlinesindia
1127,2009-08-27,between Mahur and Phaiding railway stations on Barail hills (Mahur and Barail hills located),between Mahur and Phaiding railway stations on Barail hills (Mahur and Barail hills located),Assam,landslide,downpour,medium,0,25.1718,93.123,prokerala
221,2007-08-31,between Bally Halt and Rajchandrapur stations in Kolkata,between Bally Halt and Rajchandrapur stations in Kolkata,Bengal,landslide,rain,medium,0,22.6461,88.3403,ExpressIndia
4917,2013-12-06,"Village In Pangi Valley, Chamba District","Village In Pangi Valley, Chamba District",Himachal Pradesh,landslide,downpour,medium,0,32.5552,76.1249,www.business-standard.com
4984,2013-06-25,"Gudalur Town, Nilgiris, Tamil Nadu","Gudalur Town, Nilgiris, Tamil Nadu",Tamil Nadu,landslide,downpour,small,0,11.4991,76.4949,timesofindia.indiatimes.com
1107,2009-08-20,"Geetkolbong, Kalimpong sub-division, Darjeeling, West Bengal","Geetkolbong, Kalimpong sub-division, Darjeeling, West Bengal",Bengal,landslide,continuous_rain,medium,1,27.0736,88.4779,beacononline.wordpress
2201,2010-05-08,"Darjeeling district, West Bengal, Toy Train route","Darjeeling district, West Bengal, Toy Train route",Bengal,landslide,downpour,medium,0,27.0366,88.263,indiavision
4927,2013-06-16,"National Highway 72-B, Between Paonta Sahib And Sillai, Sirmaur District, Himachal Pradesh","National Highway 72-B, Between Paonta Sahib And Sillai, Sirmaur District, Himachal Pradesh",Himachal Pradesh,landslide,rain,medium,0,30.5728,77.6521,www.hindustantimes.com
653,2008-07-18,Sukhidhang area of Champawat district in Uttarakhand,Sukhidhang area of Champawat district in Uttarakhand,Uttarakhand,landslide,rain,medium,14,29.33,80.1,dailynews365
2132,2010-07-24,"Konkan railway near Adavli Station, Maharashtra","Konkan railway near Adavli Station, Maharashtra",Maharashtra,mudslide,downpour,medium,0,16.93911,73.47459,Asianet India
7614,2015-08-08,"Dharampur, Mandi district","Dharampur, Mandi district",Himachal Pradesh,landslide,downpour,medium,3,31.8028,76.757,New Indian Express
1959,2010-08-06,"Khindipada area, near the BMC pipeline at Bhandup-west","Khindipada area, near the BMC pipeline at Bhandup-west",Maharashtra,landslide,monsoon,medium,0,19.1646,72.9325,mumbaimirror
3671,2011-06-29,National Highway leading to Yamunotri from Dehradun,National Highway leading to Yamunotri from Dehradun,Uttarakhand,landslide,downpour,medium,0,30.81507,78.22425,IBN
5603,2013-10-13,"Tusom, Manipur","Tusom, Manipur",Manipur,mudslide,downpour,medium,0,25.426,94.6024,www.indiatvnews.com
7251,2015-07-21,Kullan,Kullan,Kashmir,landslide,continuous_rain,medium,0,34.2689,75.1495,indiLeak
5050,2013-07-07,"Mandi-Shimla Highway In Mandi, Himachal Pradesh","Mandi-Shimla Highway In Mandi, Himachal Pradesh",Himachal Pradesh,mudslide,rain,medium,0,31.703,76.936,articles.timesofindia.indiatimes.com
2042,2010-06-07,"Zunheboto, Nagaland","Zunheboto, Nagaland",Nāgāland,mudslide,monsoon,medium,0,26.0093,94.5238,morungexpress
5442,2013-02-09,Arunachal Pradesh,Arunachal Pradesh,Arunāchal Pradesh,landslide,downpour,large,0,27.1614,93.7525,ibnlive.in.com
7913,2016-06-26,"Raigad Fort, Raigad Fort Natural Reserve, Maharashtra, India","Raigad Fort, Raigad Fort Natural Reserve, Maharashtra, India",Maharashtra,rock_fall,rain,small,1,18.241,73.4469,Pune Mirror
7933,2015-01-09,Maligaon,Maligaon,Assam,rock_fall,rain,medium,2,26.1868,91.6739,Assam Times
3637,2011-06-21,"Lasumi village in Phek district, Kohima","Lasumi village in Phek district, Kohima",Nāgāland,landslide,rain,medium,0,25.51615,94.23412,Morung Express
5177,2013-07-23,"Gauchar, Chamoli District, Uttarakhand","Gauchar, Chamoli District, Uttarakhand",Uttarakhand,landslide,downpour,medium,0,30.2902,79.151,www.dnaindia.com
2111,2010-07-21,"Peruvai-Kadengodlu rd(?) between Vittal and Manila(Mani?), Bantwal tuluk, Karnataka","Peruvai-Kadengodlu rd(?) between Vittal and Manila(Mani?), Bantwal tuluk, Karnataka",Karnataka,landslide,downpour,medium,0,12.8277,75.0772,dnaindia
2003,2010-06-19,"Harne(?) village, near Dapoli, Ratnagiri district, Maharashtra","Harne(?) village, near Dapoli, Ratnagiri district, Maharashtra",Maharashtra,landslide,downpour,medium,8,17.8975,73.2961,sify.com
5181,2013-07-24,"Rishikesh-Badrinath Highway, Uttarakhand","Rishikesh-Badrinath Highway, Uttarakhand",Uttarakhand,landslide,downpour,medium,0,30.2733,79.233,www.thehindubusinessline.com
8163,2016-06-23,"Vollant, Vasco, behind the KTC bus stand, Goa, India","Vollant, Vasco, behind the KTC bus stand, Goa, India",Goa,rock_fall,downpour,medium,0,15.3739,73.8911,Times of India
7288,2015-07-26,Kullu,Kullu,Himachal Pradesh,landslide,continuous_rain,small,0,31.9563,77.1135,The Tribune
4823,2013-04-26,"Zojila, India (Srinagar-Kargil Road)","Zojila, India (Srinagar-Kargil Road)",Kashmir,mudslide,rain,medium,1,34.2946,75.4832,beforeitsnews.com
6965,2015-06-17,"National Highway 31A, Darjeeling Hills","National Highway 31A, Darjeeling Hills",West Bengal,landslide,downpour,small,0,27.0257,88.4301,The Statesman
4140,2012-01-13,"Banihal, Srinagar-Jammu highway","Banihal, Srinagar-Jammu highway",Kashmir,landslide,downpour,medium,0,33.4209,75.2045,greaterkashmir
6167,2014-07-20,"Sonprayag, Uttarakhand","Sonprayag, Uttarakhand",Uttarakhand,landslide,continuous_rain,small,3,30.6326,78.9953,Times of India
9314,2016-05-22,"Chetra Village, Dehradun, India","Chetra Village, Dehradun, India",Uttarakhand,rock_fall,rain,small,10,30.306,78.0648,Kathmandu Post
5277,2013-05-08,"Cheeyapara Near Neriyamangalam, Kerala","Cheeyapara Near Neriyamangalam, Kerala",Kerala,mudslide,monsoon,small,0,10.0539,76.8294,www.deccanchronicle.com
5361,2013-08-18,"Nuranoo, Uttarkashi, Uttarakhand","Nuranoo, Uttarkashi, Uttarakhand",Himachal Pradesh,landslide,unknown,medium,0,31.0826,78.066,zeenews.india.com
4393,2012-07-06,"Nathang Maong, Sikkim","Nathang Maong, Sikkim",,landslide,downpour,large,7,27.7565,88.632,thehimalayantimes
9017,2016-07-17,"Narendranagar bypass on the Rishikesh-Gangotri national highway,Tehri Garhwal district, Uttarakhand, India","Narendranagar bypass on the Rishikesh-Gangotri national highway,Tehri Garhwal district, Uttarakhand, India",Uttarakhand,landslide,downpour,medium,4,30.1642,78.2936,Tribune India
5293,2013-07-08,"Samroli, Udhampur District, Kashmir","Samroli, Udhampur District, Kashmir",Kashmir,landslide,unknown,small,0,32.9913,75.1915,freepresskashmir.com
2310,2010-08-22,"Srinagar-Garhwal area of Pauri district, Uttarakhand, Uttranchal","Srinagar-Garhwal area of Pauri district, Uttarakhand, Uttranchal",Haryana,complex,downpour,medium,1,30.4084,77.0666,english.samaylive
3837,2011-07-24,NH 37,NH 37,Assam,landslide,downpour,medium,0,26.5836,93.0038,e-pao.net
220,2007-08-31,"Velnal village, Tamei sub-division and Toribari village (3 kilometer toward Tamei from Kangpokpi)","Velnal village, Tamei sub-division and Toribari village (3 kilometer toward Tamei from Kangpokpi)",Manipur,landslide,rain,medium,0,25.1333,93.9667,kanglaonline.com
5565,2013-09-30,"Pernem, Goa","Pernem, Goa",Goa,landslide,unknown,medium,0,15.7156,73.8049,articles.timesofindia.indiatimes.com
212,2007-08-26,National Highway No 44 at Sonarpur in Meghalaya,National Highway No 44 at Sonarpur in Meghalaya,Meghālaya,complex,rain,medium,0,25.5576,91.8506,Newspost India.com
6036,2014-05-22,"Altinho, Goa","Altinho, Goa",Goa,landslide,downpour,small,0,15.4951,73.8288,The Times of India
711,2008-12-08,"Jog Falls, Karnataka","Jog Falls, Karnataka",Karnataka,mudslide,rain,small,0,14.229,74.8122,timesofindia.indiatimes
7372,2015-07-31,Naga Gate along the Ukhrul-Imphal route,Naga Gate along the Ukhrul-Imphal route,Manipur,mudslide,continuous_rain,medium,0,25.0634,94.3415,E-PAO
2292,2010-08-20,"Bhatwari, Rishikesh-Gangotri highway, Uttarkhand","Bhatwari, Rishikesh-Gangotri highway, Uttarkhand",Uttarakhand,landslide,downpour,medium,0,30.8183,78.6186,dnaindia
6510,2014-08-15,Pauri district of Uttarakhand,Pauri district of Uttarakhand,Uttarakhand,debris_flow,rain,medium,14,30.1176,78.7472,ABC
2570,2010-08-10,"Tharon(?) and Langol Tarung villages, Thangmeiband constituency, Imphal, Manipur","Tharon(?) and Langol Tarung villages, Thangmeiband constituency, Imphal, Manipur",Manipur,landslide,downpour,medium,0,24.837,93.9128,e-pao.net
2676,2010-10-31,"railroad between Chimidipalli and Borra caves stations, Andhra Pradesh","railroad between Chimidipalli and Borra caves stations, Andhra Pradesh",Andhra Pradesh,landslide,downpour,medium,0,18.2733,83.0645,my-telugu
126,2007-07-16,Bardang near Singtam,Bardang near Singtam,Sikkim,mudslide,rain,medium,0,27.1499,88.38,thestatesman.net
1168,2009-09-17,"4th Mile on road between Rongli, Rhenock and Rangpo in East Sikkim.","4th Mile on road between Rongli, Rhenock and Rangpo in East Sikkim.",Sikkim,landslide,rain,medium,0,27.1954,88.6115,sikkimnews.blogspot
3806,2011-07-19,"Itanagar (one near Pachali power house, one near Heema Hospital, and one nearRomik Colony at P Sector)","Itanagar (one near Pachali power house, one near Heema Hospital, and one nearRomik Colony at P Sector)",Arunāchal Pradesh,landslide,downpour,medium,3,27.1032,93.6884,ibnlive.in
2262,2010-08-17,"Sonabai Niwas(?), Kalwa, Mumbai","Sonabai Niwas(?), Kalwa, Mumbai",Maharashtra,landslide,downpour,medium,10,19.1993,73.0109,ndtv
2214,2010-06-08,Dārjiling : The traffic along the National Highway 55 was disrupted on Friday following a heavy rainfall that triggered landslide in the Darjeeling H*,,Bengal,landslide,downpour,medium,0,27.0375,88.2627,buzzg.com
5199,2013-07-25,"Malla, Uttarkashi, Uttarakhand","Malla, Uttarkashi, Uttarakhand",Uttarakhand,landslide,continuous_rain,medium,0,30.7866,78.6171,www.newindianexpress.com
2026,2010-06-28,"Borsorsa(?), West Khasi Hills, Meghalaya","Borsorsa(?), West Khasi Hills, Meghalaya",Meghālaya,landslide,downpour,medium,0,25.4916,91.2698,neinews
2380,2010-03-09,"Bhatwari, Rishikesh-Gangotri hwy","Bhatwari, Rishikesh-Gangotri hwy",Uttarakhand,landslide,downpour,medium,0,30.4008,79.0278,timesofindia.indiatimes
3943,2011-08-23,"Samathang, Sikkim","Samathang, Sikkim",,landslide,downpour,medium,5,27.13862,88.22552,IBN
35,2007-12-03,Jammu-Srinagar highway,Jammu-Srinagar highway,Kashmir,landslide,rain,medium,2,34.0935,74.9112,Tribune India.com
3567,2011-02-06,"Peermade(Pīrmed), Idukki district, Kerala","Peermade(Pīrmed), Idukki district, Kerala",Tamil Nadu,landslide,downpour,medium,0,9.5207,77.0198,ibnlive.in
714,2008-08-14,"Kimin-Ziro road in Papum Pare district, road between Doimukh and Sagalee, Doimukh-Hoj road; Arunachal Pradesh","Kimin-Ziro road in Papum Pare district, road between Doimukh and Sagalee, Doimukh-Hoj road; Arunachal Pradesh",Assam,landslide,rain,medium,0,27.163,94.0,morungexpress
5184,2013-07-24,"Sunali, Uttarakhand","Sunali, Uttarakhand",Uttarakhand,landslide,downpour,medium,0,30.9058,78.0906,www.thehindubusinessline.com
6110,2014-06-27,"Bhangagarh, Assam","Bhangagarh, Assam",Assam,landslide,rain,small,3,26.1619,91.7697,Assam Times
4559,2012-09-17,"Srinagar-Jammu Hwy, between Sheeri and Banihal,  Jammu and Kashmir(midpoint)","Srinagar-Jammu Hwy, between Sheeri and Banihal,  Jammu and Kashmir(midpoint)",Kashmir,landslide,downpour,medium,0,33.9639,74.9597,greaterkashmir
247,2007-08-09,"Lower Shajouba village near Tadubi along NH 39, Manipur","Lower Shajouba village near Tadubi along NH 39, Manipur",Manipur,landslide,rain,medium,0,25.0604,93.9877,kanglaonline.com
5598,2013-11-10,"Shetidhar Peak, Himachal Pradesh","Shetidhar Peak, Himachal Pradesh",Himachal Pradesh,landslide,downpour,medium,3,32.3665,77.0857,travel.aol.co.uk
4407,2012-06-13,"NH44, Malidhor area,  Baleswar","NH44, Malidhor area,  Baleswar",Assam,landslide,downpour,medium,0,25.0951,92.3567,zeenews.india
5129,2013-07-18,"Chamoli District, Uttarakhand","Chamoli District, Uttarakhand",Uttarakhand,landslide,downpour,medium,0,30.4043,79.3308,post.jagran.com
2445,2010-09-18,"near Devprayag, Rishikesh-Badrinath hwy,","near Devprayag, Rishikesh-Badrinath hwy,",Uttarakhand,landslide,downpour,medium,0,30.1454,78.6007,dailypioneer
5309,2013-10-08,A Coal Mine In Sundergarh District Of Odisha,A Coal Mine In Sundergarh District Of Odisha,Orissa,landslide,downpour,medium,7,21.786,83.8847,www.ndtv.com
3789,2011-07-16,Mebua (8 km from Seppa),Mebua (8 km from Seppa),Arunāchal Pradesh,landslide,downpour,medium,0,27.2743,92.9064,english.samaylive
9618,2016-10-15,Kalijhora,Kalijhora,West Bengal,rock_fall,downpour,small,0,26.9343,88.4486,Hindu
2022,2010-06-27,"again on tracks near Kulshekar, Mangalore","again on tracks near Kulshekar, Mangalore",Karnataka,landslide,downpour,medium,0,12.89307,74.88567,Daiji World
798,2008-09-19,"NH 22, Kinnaur district","NH 22, Kinnaur district",Himachal Pradesh,landslide,downpour,medium,0,31.587,78.315,expressindia
2645,2010-10-21,"Tikri village(?) near LoC, Uri sector, Baramulla district, Jammu and Kashmir","Tikri village(?) near LoC, Uri sector, Baramulla district, Jammu and Kashmir",Kashmir,landslide,downpour,medium,3,34.0887,74.0227,thehindu
6292,2014-09-23,Hatsingimari,Hatsingimari,Assam,landslide,continuous_rain,small,1,25.7238,89.9032,Deccan Herald
6783,2012-07-19,Tindharia railway maintenance shed,Tindharia railway maintenance shed,West Bengal,landslide,monsoon,medium,0,26.8546,88.3373,Landslide Blog
4483,2012-08-17,"Paingottoor, kerala,","Paingottoor, kerala,",Kerala,landslide,downpour,medium,2,10.007,76.7105,m.newshunt
545,2008-05-20,"A Cachar District village, near village of Srinager, Assam","A Cachar District village, near village of Srinager, Assam",Assam,mudslide,mining,medium,5,24.9849,92.8411,Telegraph India
4501,2012-08-20,"Reasi, kashmir","Reasi, kashmir",Kashmir,landslide,downpour,medium,1,33.0829,74.8333,business-standard
3884,2011-06-08,Manali highway near Hanogi temple in Mandi,Manali highway near Hanogi temple in Mandi,Himachal Pradesh,landslide,continuous_rain,medium,0,31.69138,77.13222,Times of India
7265,2015-07-22,Willong-Yangkhullen stretch,Willong-Yangkhullen stretch,Manipur,landslide,continuous_rain,medium,0,25.5007,93.9854,The Sangai Express
2051,2010-07-07,"upper Shimla, Himachal Pradesh","upper Shimla, Himachal Pradesh",Himachal Pradesh,landslide,downpour,medium,0,31.1011,77.1793,himvani
6084,2014-06-22,"Kadavoor, Kerala","Kadavoor, Kerala",Kerala,landslide,rain,medium,0,9.9983,76.7329,The Times of India
2436,2010-09-16,"Taithu village, Churanchandpur district, Mizoram, Manipur","Taithu village, Churanchandpur district, Mizoram, Manipur",Mizoram,landslide,downpour,medium,0,24.3069,93.125,mizoramexpress.com
7727,2015-08-20,between Phesama and Kuima in Nagaland,between Phesama and Kuima in Nagaland,Nagaland,landslide,continuous_rain,medium,0,25.6263,94.1057,E-PAO
7160,2015-11-07,Badrinath Highway near Mulygoan in Tihri,Badrinath Highway near Mulygoan in Tihri,Uttarakhand,landslide,continuous_rain,medium,0,30.3799,78.4862,The Tribune
2049,2010-07-07,"NH-22 between Rampur and Recong-Peo(Reckong Peo), Himachal Pradesh","NH-22 between Rampur and Recong-Peo(Reckong Peo), Himachal Pradesh",Himachal Pradesh,landslide,downpour,medium,0,31.5041,77.9521,himvani
7305,2015-01-08,Khandala tunnel,Khandala tunnel,Maharashtra,rock_fall,continuous_rain,medium,0,18.7687,73.3679,Times of India
1946,2010-05-06,"Laghama(?), Uri Sector, Baramulla district,Jammu and Kashmir","Laghama(?), Uri Sector, Baramulla district,Jammu and Kashmir",Kashmir,landslide,downpour,medium,0,34.0901,74.0256,ptinews
7334,2015-08-18,Arunachal Pradesh,Arunachal Pradesh,Arunachal Pradesh,landslide,unknown,medium,1,28.1737,94.7596,webindia123
492,2008-05-04,"Panthial, 170 kilometres from Jammu, Jammu-Srinagar highway","Panthial, 170 kilometres from Jammu, Jammu-Srinagar highway",Kashmir,landslide,rain,medium,0,33.9337,74.9985,dailyindia
6200,2014-08-17,Arunachal Pradesh/Itanagar,Arunachal Pradesh/Itanagar,Arunachal Pradesh,landslide,downpour,large,0,27.0869,93.6086,One India News
4090,2011-10-12,Uttarakhand,Uttarakhand,Uttarakhand,landslide,downpour,medium,0,29.913,79.3532,newstrackindia
9617,2016-10-15,Zero near Kurseong,Zero near Kurseong,West Bengal,landslide,unknown,medium,0,26.888,88.2796,NDTV
1172,2009-09-19,"Nilambur, Malappuram, Kerala State","Nilambur, Malappuram, Kerala State",Kerala,landslide,downpour,medium,0,11.2695,76.2227,asianetindia
9415,2016-03-08,"Lavasa near Ekaant Hotel Resort in Davse, Pune District, India","Lavasa near Ekaant Hotel Resort in Davse, Pune District, India",Maharashtra,landslide,downpour,medium,0,18.3978,73.5086,The Hindu
7778,2015-08-26,Phullen’s main road,Phullen’s main road,Mizoram,mudslide,continuous_rain,medium,0,23.8447,93.0514,Indian Express
3914,2011-12-08,Uttarakhand and the Uttar Pradesh,Uttarakhand and the Uttar Pradesh,Uttarakhand,landslide,rain,large,11,28.8665,79.5682,greaterkashmir
2213,2010-06-08,"Choglamsar(Choklamsar) village, Jammu and Kashmir","Choglamsar(Choklamsar) village, Jammu and Kashmir",Kashmir,mudslide,downpour,very_large,0,34.1114,77.5874,economictimes.indiatimes
5940,2014-10-03,Jammu and Kashmir,Jammu and Kashmir,Kashmir,landslide,snowfall_snowmelt,medium,0,33.2359,75.2439,NDTV
6263,2014-09-26,Surankote in Jammu and Kashmir,Surankote in Jammu and Kashmir,Kashmir,landslide,continuous_rain,medium,0,33.0365,74.4889,Business Standard
6290,2014-09-23,Mawbah under Mawprem area,Mawbah under Mawprem area,Meghalaya,landslide,continuous_rain,small,8,25.5772,91.8666,Zee News
4019,2011-10-17,"Vannappuram, Kerala,","Vannappuram, Kerala,",Kerala,landslide,downpour,medium,1,9.9903,76.7898,ibnlive.in
2145,2010-07-26,"Nivsar, Maharashtra","Nivsar, Maharashtra",Maharashtra,landslide,downpour,medium,0,16.94057,73.46476,India Today
4408,2012-06-13,"NH44, Kuliang","NH44, Kuliang",Meghālaya,landslide,downpour,medium,0,25.5498,92.0757,zeenews.india
1110,2009-08-20,"Kurseong, Darjeeling, West Bengal","Kurseong, Darjeeling, West Bengal",Bengal,landslide,continuous_rain,medium,0,26.88406,88.28087,thestatesman
4403,2012-10-06,"Imphal-Jiribam section of NH-37 , Manipur","Imphal-Jiribam section of NH-37 , Manipur",Manipur,landslide,downpour,very_large,0,24.8142,93.5444,thehindu
5429,2013-01-09,Tamabong Village In Sikkim State,Tamabong Village In Sikkim State,Sikkim,landslide,downpour,medium,5,27.3425,88.2426,sciencythoughts.blogspot.com
8922,2015-07-11,Nilgiri Mountain Rail's Mettupalayam-Kallar sectors,Nilgiri Mountain Rail's Mettupalayam-Kallar sectors,Tamil Nadu,rock_fall,unknown,small,0,11.3237,76.9101,The Economic Times
2459,2010-09-19,"roads to Rani Khet(Ranikhet) and Jolle Kote(?), Uttarakhand","roads to Rani Khet(Ranikhet) and Jolle Kote(?), Uttarakhand",Uttarakhand,landslide,downpour,medium,0,29.5477,79.3211,tribuneindia
2091,2010-07-17,"Lana Mashoor(?) and Lana Polar(?) and Sewn(?) villages, Sirmaur district","Lana Mashoor(?) and Lana Polar(?) and Sewn(?) villages, Sirmaur district",Himachal Pradesh,landslide,downpour,medium,0,30.6358,77.5435,indolink
2140,2010-07-25,"road between Halfong and Redzol(?) or Silchar, Assam","road between Halfong and Redzol(?) or Silchar, Assam",Assam,landslide,downpour,medium,0,25.0477,92.801,Telegraph India
2243,2010-08-13,"NH-39 near Kohima Municipality Council(KMC) dumping ground, between Zubza(Sechu) and Kohima, Nagaland","NH-39 near Kohima Municipality Council(KMC) dumping ground, between Zubza(Sechu) and Kohima, Nagaland",Nāgāland,landslide,downpour,medium,0,25.70224,94.0462,E-PAO
9074,2016-07-20,"Rimbik, Darjeeling, West Bengal state, India","Rimbik, Darjeeling, West Bengal state, India",West Bengal,landslide,downpour,large,3,27.1176,88.1069,The Indian Express
4515,2012-08-24,"Sirmaur, Himachal Pradesh,","Sirmaur, Himachal Pradesh,",Himachal Pradesh,landslide,downpour,medium,0,30.7395,77.2847,business-standard
4202,2012-02-16,"Tawari bridge, Chamba district of Himachal Pradesh","Tawari bridge, Chamba district of Himachal Pradesh",Himachal Pradesh,landslide,downpour,medium,2,32.5655,76.1201,articles.timesofindia
6804,2015-02-26,Ramsu,Ramsu,Kashmir,landslide,unknown,medium,2,33.3376,75.1922,Rising Kashmir
9142,2016-06-14,"lower Majakong Ward, Mokokchung, Nagaland, India","lower Majakong Ward, Mokokchung, Nagaland, India",Nagaland,landslide,continuous_rain,medium,0,26.3185,94.5247,Nagaland Post
7994,2015-07-09,"Manjakuttai, Tamil Nadu, India","Manjakuttai, Tamil Nadu, India",Tamil Nadu,landslide,unknown,medium,2,11.81,78.2253,The Hindu
5943,2014-11-03,Azad Jammu and Kashmir,Azad Jammu and Kashmir,Kashmir,landslide,continuous_rain,large,0,34.0823,74.056,India Today
4916,2013-12-06,"Gharao Village, Near Holi Township","Gharao Village, Near Holi Township",Himachal Pradesh,landslide,downpour,medium,0,32.2108,76.2833,www.business-standard.com
6107,2014-06-26,Bamunimaidam,Bamunimaidam,Assam,landslide,continuous_rain,small,1,26.1844,91.7896,Two Circles
6569,2011-08-28,Rabale,Rabale,Maharashtra,landslide,continuous_rain,medium,2,19.1355,72.9981,Times of India
7026,2015-05-30,Zojila Pass,Zojila Pass,Kashmir,landslide,rain,small,0,34.2607,75.4446,Kashmir Images
7295,2015-07-24,Kempty Road near Sia village,Kempty Road near Sia village,Uttarakhand,landslide,continuous_rain,small,0,30.4517,78.1443,The Times of India
4926,2013-06-16,"Sirmaur District, Himachal Pradesh","Sirmaur District, Himachal Pradesh",Himachal Pradesh,landslide,rain,medium,0,30.6738,77.3544,www.hindustantimes.com
255,2007-10-09,Wamkhu village along the Tengnoupal-Joupi road in Chandel district,Wamkhu village along the Tengnoupal-Joupi road in Chandel district,Manipur,landslide,rain,medium,0,24.2451,94.0691,e-Pao.net
6567,2011-08-27,Basohli-Bani road,Basohli-Bani road,Kashmir,landslide,downpour,medium,0,32.5764,75.8466,Himalayan Times
4423,2012-06-20,"Hwy 123, Badnera, Maharashtra,","Hwy 123, Badnera, Maharashtra,",Maharashtra,landslide,downpour,large,3,20.855,77.7274,pardaphash
2211,2010-06-08,"Ney village, Ladakh, Jammu and Kashmir","Ney village, Ladakh, Jammu and Kashmir",Kashmir,landslide,downpour,large,0,34.3061,77.3265,alertnet
4447,2012-05-07,"Dhalli, Himachal Pradesh","Dhalli, Himachal Pradesh",Himachal Pradesh,landslide,downpour,medium,0,31.1066,77.209,articles.timesofindia
7660,2015-12-08,Phesama village,Phesama village,Nagaland,mudslide,continuous_rain,medium,0,25.6237,94.1136,Nagaland Post
1475,2010-06-02,"Srinagar-Jammu highway near Asar, Doda and Kishtwar districts","Srinagar-Jammu highway near Asar, Doda and Kishtwar districts",Kashmir,landslide,downpour,medium,0,33.1595,75.8011,kashmirobserver
7037,2015-01-07,Kurseong,Kurseong,West Bengal,landslide,downpour,medium,0,26.8811,88.2779,The Times of India
102,2007-06-25,Kurnool,Kurnool,Andhra Pradesh,landslide,rain,medium,0,15.8294,78.0501,United Nations Development Programme - Relief Web
6188,2014-02-08,"Thiruvankulam, Kerala","Thiruvankulam, Kerala",Kerala,landslide,continuous_rain,small,0,9.9431,76.3738,The Hindu
1884,2010-05-20,Vijaywada(Vijayawada),Vijaywada(Vijayawada),Andhra Pradesh,landslide,tropical_cyclone,medium,4,16.5121,80.6296,washingtonexaminer
4556,2012-09-16,"Namchi to Phongla, Namchi to Melli ,Namchi to Sumbuk","Namchi to Phongla, Namchi to Melli ,Namchi to Sumbuk",Sikkim,landslide,downpour,medium,0,27.1675,88.3651,business-standard
8744,2016-06-21,"Jammu-Srinagar national highway at Samroli, India","Jammu-Srinagar national highway at Samroli, India",Kashmir,landslide,downpour,medium,0,32.99,75.1892,Kashmir Images
4487,2012-08-17,"Gangotri-Rishikesh hwy, Uttarakhand (mid-point of road -exact location unknown)","Gangotri-Rishikesh hwy, Uttarakhand (mid-point of road -exact location unknown)",Uttarakhand,landslide,downpour,medium,0,30.6179,78.3233,ndtv
3251,2011-03-19,"Jammu-Srinagar hwy, Panthal, Ramban, Jammu and Kashmir","Jammu-Srinagar hwy, Panthal, Ramban, Jammu and Kashmir",Kashmir,landslide,downpour,medium,0,33.33903,75.19169,Daily News and Analysis
697,2008-08-08,"Barog, Shimla; Chandigarh-Shimla national highway","Barog, Shimla; Chandigarh-Shimla national highway",Himachal Pradesh,landslide,rain,medium,0,31.13,77.09,sindhtoday
3611,2011-06-14,"The Leh-Manali hwy, Himachal Pradesh","The Leh-Manali hwy, Himachal Pradesh",Himachal Pradesh,landslide,downpour,medium,0,32.3709,77.2466,ibnlive.in
7389,2015-01-08,between Bongyang and Lokchao along the Imphal-Moreh highway,between Bongyang and Lokchao along the Imphal-Moreh highway,Manipur,landslide,continuous_rain,medium,0,24.4072,94.0644,E-PAO
5068,2013-10-07,"Bhikona Village, Pokhri Block, Chamoli Village, Uttarakhand","Bhikona Village, Pokhri Block, Chamoli Village, Uttarakhand",Uttarakhand,landslide,rain,medium,7,30.3629,79.2143,articles.timesofindia.indiatimes.com
2437,2010-09-16,"Aizawl-Lengpui rd 3km from Aizawl, Mizoram, Manipur","Aizawl-Lengpui rd 3km from Aizawl, Mizoram, Manipur",Mizoram,landslide,downpour,medium,0,23.7527,92.694,mizoramexpress.com
2648,2010-10-22,"near Himkoti(?), on road to Bhawan(Vaishno Devi temple) at Katra, Jammu and Kashmir","near Himkoti(?), on road to Bhawan(Vaishno Devi temple) at Katra, Jammu and Kashmir",Kashmir,landslide,downpour,medium,1,33.0107,74.9397,greaterkashmir
4924,2013-06-16,"Kedarnath (Hindu Shrine), Near Kedarnath Dome (Mountain), Uttarakhand","Kedarnath (Hindu Shrine), Near Kedarnath Dome (Mountain), Uttarakhand",Uttarakhand,debris_flow,downpour,very_large,5000,30.7351,79.0666,blogs.agu.org
731,2008-08-19,"Akuk village, Wokha District, Nagaland","Akuk village, Wokha District, Nagaland",Nāgāland,mudslide,downpour,medium,4,26.138,94.25,morungexpress
2234,2010-11-08,"Kullu, Himachal Pradesh","Kullu, Himachal Pradesh",Himachal Pradesh,landslide,downpour,medium,0,31.958,77.1104,english.ntdtv
6237,2014-09-10,Carmel School in Palakkayam,Carmel School in Palakkayam,Kerala,debris_flow,flooding,medium,0,10.9654,76.5516,New Indian Express
7371,2015-01-08,near S Lamphei Lamkhai and Sehlon village,near S Lamphei Lamkhai and Sehlon village,Manipur,landslide,continuous_rain,medium,0,23.9939,94.0573,E-PAO
7923,2015-01-09,Amingaon,Amingaon,Assam,landslide,rain,medium,2,26.49349,91.72138,The New Indian Express
8893,2015-10-31,Arthanareeswarar Temple,Arthanareeswarar Temple,Tamil Nadu,landslide,downpour,small,0,11.3742,77.899,The Hindu
9020,2016-07-17,"Railway tunnel a few kilometres from the Haridwar railway station, between Haridwar and Dehradun, Uttarakhand, India","Railway tunnel a few kilometres from the Haridwar railway station, between Haridwar and Dehradun, Uttarakhand, India",Uttarakhand,mudslide,downpour,medium,0,29.9551,78.1677,Tribune India
4557,2012-09-16,"Manali-Leh hwy, Kullu","Manali-Leh hwy, Kullu",Kashmir,landslide,downpour,medium,0,33.303,77.8876,zeenews.india
3839,2011-07-25,"Manali-Leh road, rohtang Pass","Manali-Leh road, rohtang Pass",Himachal Pradesh,landslide,downpour,medium,0,32.1896,77.187,himvani
4489,2012-08-17,"Idukki-Kattappana Rd, kerala (Mid-point of rd)","Idukki-Kattappana Rd, kerala (Mid-point of rd)",Tamil Nadu,landslide,downpour,medium,0,9.8232,77.1498,ibnlive.in
760,2008-08-29,"Kohima, Nagaland","Kohima, Nagaland",Nāgāland,complex,downpour,medium,0,25.67,94.1066,kanglaonline
2368,2010-08-31,"Brahmananda Reddy Nagar(?), Machavaram, Vijayawada city, Andhra Pradesh","Brahmananda Reddy Nagar(?), Machavaram, Vijayawada city, Andhra Pradesh",Andhra Pradesh,landslide,downpour,medium,0,16.5157,80.6525,timesofindia.indiatimes
1384,2010-03-01,Vaishnodevi in Trikuta hills of Reasi district,Vaishnodevi in Trikuta hills of Reasi district,Kashmir,landslide,downpour,medium,0,33.0289,74.9489,kashmirlive
1153,2009-10-09,"Kaza-Kinnaur highway near Nako, Spiti Valley, Himachal Pradesh","Kaza-Kinnaur highway near Nako, Spiti Valley, Himachal Pradesh",Himachal Pradesh,landslide,downpour,medium,0,31.8833,78.6167,thaindian
5281,2013-05-08,"Villanchira, Near Neryamangalam","Villanchira, Near Neryamangalam",Kerala,landslide,unknown,medium,0,10.0486,76.7606,www.business-standard.com
2212,2010-06-08,"eastern edge of Leh city, Ladakh, Jammu and Kashmir","eastern edge of Leh city, Ladakh, Jammu and Kashmir",Kashmir,landslide,downpour,large,0,34.1482,77.5971,countercurrents
4590,2012-10-21,(Rail track between Kallar and Burliar)Tamil Nadu,(Rail track between Kallar and Burliar)Tamil Nadu,Tamil Nadu,landslide,rain,medium,0,11.338,76.8806,articles.timesofindia
2182,2010-07-31,Dimapur-Imphal highway (NH 39) near Manipur,Dimapur-Imphal highway (NH 39) near Manipur,Manipur,landslide,rain,medium,0,24.9356,93.8443,youtube
2462,2010-09-19,"near Solan, Kalka-Shimla hwy, Himachal Pradesh","near Solan, Kalka-Shimla hwy, Himachal Pradesh",Himachal Pradesh,landslide,downpour,medium,0,30.9086,77.1103,himachal.us
3632,2011-06-20,"Birik on NH31A, Kalimpong","Birik on NH31A, Kalimpong",Bengal,landslide,rain,medium,0,27.0638,88.4659,Telegraph India
4947,2013-06-18,"Sainath Stone Quarry, Rikunda Village, Turbhe, Navi Mumbai, Maharashtra","Sainath Stone Quarry, Rikunda Village, Turbhe, Navi Mumbai, Maharashtra",Maharashtra,landslide,continuous_rain,medium,3,19.0811,73.0226,www.asianage.com
9507,2016-03-10,"Chakki-Ka-Mor, about 10 km from Parwanoo","Chakki-Ka-Mor, about 10 km from Parwanoo",Himachal Pradesh,landslide,construction,medium,0,30.8974,77.0588,Tribune
4979,2013-06-25,"Konkan Railway Tracks Close To Adavali Station, Ratnagiri, Maharashtra","Konkan Railway Tracks Close To Adavali Station, Ratnagiri, Maharashtra",Maharashtra,mudslide,monsoon,medium,0,16.9214,73.593,www.hindustantimes.com
2048,2010-07-07,"Kala Nalah(?), Keylong-Udaipur rd, Himachal Pradesh","Kala Nalah(?), Keylong-Udaipur rd, Himachal Pradesh",Himachal Pradesh,landslide,downpour,medium,0,32.6598,76.853,himvani
7311,2015-08-15,Lambagadh,Lambagadh,Uttarakhand,landslide,continuous_rain,medium,0,30.6494,79.5269,Times of India
5013,2013-02-07,"Press Colony, Near Taradevi, Himachal Pradesh","Press Colony, Near Taradevi, Himachal Pradesh",Himachal Pradesh,landslide,downpour,medium,0,31.0722,77.1402,zeenews.india.com
5331,2013-08-14,Jammu-Poonch Highway Near Kalidhar,Jammu-Poonch Highway Near Kalidhar,Kashmir,landslide,downpour,medium,0,33.0498,74.6264,www.business-standard.com
1954,2010-07-06,"Irang(?) and Barak(?) and Makru(?) on highway 53 between Imphal and Jiribam, Manipur","Irang(?) and Barak(?) and Makru(?) on highway 53 between Imphal and Jiribam, Manipur",Manipur,landslide,rain,medium,0,24.7543,93.5039,e-pao.net
3951,2011-08-29,the 10-storeyed Hill View building the 10-storeyed Hill View building,the 10-storeyed Hill View building the 10-storeyed Hill View building,Maharashtra,landslide,downpour,medium,1,18.9774,72.8102,Times of India
2198,2010-04-08,"Baralacha La and Rahni Nallah, Himachal Pradesh along Manali – Leh highway","Baralacha La and Rahni Nallah, Himachal Pradesh along Manali – Leh highway",Himachal Pradesh,landslide,downpour,medium,0,32.7571,77.4138,gsi.gov
7636,2015-09-08,Khwas tehsil of Rajouri district,Khwas tehsil of Rajouri district,Kashmir,landslide,downpour,medium,0,33.3852,74.2562,Tribune
942,2008-12-21,"Kalka-Shimla rail line, 1 km from Dharampur railway station at Tunnel No. 27","Kalka-Shimla rail line, 1 km from Dharampur railway station at Tunnel No. 27",Himachal Pradesh,rock_fall,unknown,medium,1,30.895,77.089,indianexpress
6963,2015-06-19,"Muanna locality, Mizoram","Muanna locality, Mizoram",Mizoram,landslide,rain,medium,0,23.7131,92.7362,The Statesmen
797,2008-09-19,"Rohru,Theog and Chopal sub-divisions, Shimla, Himachal Pradesh","Rohru,Theog and Chopal sub-divisions, Shimla, Himachal Pradesh",Himachal Pradesh,landslide,downpour,large,38,31.1,77.1645,reuters
5336,2013-08-16,"Tobu, Nagaland","Tobu, Nagaland",Nāgāland,landslide,rain,medium,0,26.3897,94.9439,www.morungexpress.com
5214,2013-07-27,"Malling, Himachal Pradesh","Malling, Himachal Pradesh",Himachal Pradesh,landslide,mining,medium,0,31.8931,78.63,articles.timesofindia.indiatimes.com
5024,2013-04-07,"Gunji, Uttarakhand","Gunji, Uttarakhand",Uttarakhand,landslide,continuous_rain,medium,0,30.1719,80.8576,articles.timesofindia.indiatimes.com
2119,2010-07-22,Rajapur-Vaibhavwadi section of the Konkan railway,Rajapur-Vaibhavwadi section of the Konkan railway,Maharashtra,landslide,downpour,medium,0,16.5676,73.6608,hindustantimes
2267,2010-08-18,"Pomendi Hill(?), Goa-Mumbai Konkan railway, both sides of Ratnagiri, Maharashtra","Pomendi Hill(?), Goa-Mumbai Konkan railway, both sides of Ratnagiri, Maharashtra",Maharashtra,landslide,downpour,medium,0,17.0661,73.5027,timesofindia.indiatimes
7286,2015-07-26,Shimla,Shimla,Himachal Pradesh,landslide,continuous_rain,small,0,31.1003,77.1751,The Tribune
7704,2015-08-20,Morha-Chuhara village in Billawar tehsil,Morha-Chuhara village in Billawar tehsil,Kashmir,landslide,unknown,medium,0,32.6175,75.6157,Business Standard
7590,2015-08-19,Tongseng,Tongseng,Meghalaya,landslide,rain,small,0,25.1416,92.3807,International Business Times
7391,2015-01-08,Gangotri highway,Gangotri highway,Uttarakhand,rock_fall,continuous_rain,medium,0,31.0358,78.8578,Z News
7227,2015-07-19,Sandrathi village of Munsiyari block of Pithoragarh district,Sandrathi village of Munsiyari block of Pithoragarh district,Uttarakhand,rock_fall,monsoon,small,1,30.0705,80.2364,webindia123
1222,2009-05-10,"Chhinga Veng, Aizawl","Chhinga Veng, Aizawl",Mizoram,landslide,downpour,medium,3,23.73479,92.72124,ptinews
8222,2016-06-22,"Piyali Phukan Nagar, Guwahati, India","Piyali Phukan Nagar, Guwahati, India",Assam,mudslide,downpour,medium,1,26.1961,91.7825,NYOOOZ
7706,2015-08-19,National Highway at Kuliang,National Highway at Kuliang,Meghalaya,landslide,rain,medium,0,25.0728,92.3636,Assam Times
3756,2011-10-07,Mandi district,Mandi district,Himachal Pradesh,landslide,downpour,medium,0,31.7099,76.933,ibnlive.in
9215,2016-01-14,NH10 in Rangpo,NH10 in Rangpo,West Bengal,rock_fall,unknown,medium,1,27.1758,88.5294,Hindustan Times
7195,2015-12-07,Seri in Ramban along Jammu-Srinagar National Highway,Seri in Ramban along Jammu-Srinagar National Highway,Kashmir,landslide,continuous_rain,small,1,33.2504,75.2102,Kashmir Times
4528,2012-01-09,"Toyota Showroom, Goa, India","Toyota Showroom, Goa, India",Goa,landslide,downpour,medium,0,15.3826,73.9239,articles.timesofindia
2246,2010-08-14,"Solan : Zhang Cheng felt lucky he did not take a nap as usual when the landslide destroyed his home in Nanyue village in Dujiangyan, Sichuan province*",,Himachal Pradesh,landslide,downpour,medium,2,30.9012,77.0958,sify.com
6024,2014-05-14,Ramban,Ramban,Kashmir,landslide,rain,small,2,33.2394,75.2405,Business Standard
9620,2016-10-15,Rangpo,Rangpo,Sikkim,landslide,downpour,medium,0,27.172,88.5292,Hindu
4396,2012-08-06,"Khardung la Pass, Leh district","Khardung la Pass, Leh district",Kashmir,landslide,downpour,medium,0,34.1534,77.5768,dnaindia
7248,2015-07-18,Kharganjuwa hill near Barki Lami pahar 30km from Daltonganj,Kharganjuwa hill near Barki Lami pahar 30km from Daltonganj,Jharkhand,mudslide,continuous_rain,medium,0,24.0406,84.0696,The Times of India
4550,2012-09-14,"Rudraprayag, Uttarakhand","Rudraprayag, Uttarakhand",Uttarakhand,landslide,downpour,very_large,19,30.2853,78.9829,india.nydailynews
3376,2011-04-17,"Kundial village(?) or Bopa Pull(?) of Kashtigarh(Kastigarh )(?) or Bhogal village(?), Doda district, Jammu","Kundial village(?) or Bopa Pull(?) of Kashtigarh(Kastigarh )(?) or Bhogal village(?), Doda district, Jammu",Kashmir,landslide,downpour,medium,5,33.1488,75.5526,ibnlive.in
9490,2016-08-29,NH-05 near Chaura village,NH-05 near Chaura village,Himachal Pradesh,rock_fall,continuous_rain,medium,0,31.5728,77.8561,ABP News
6011,2014-04-05,Adderlie near Coonoor,Adderlie near Coonoor,Tamil Nadu,landslide,rain,small,0,11.3403,76.8267,The Hindu
7275,2015-07-24,Baltal,Baltal,Kashmir,landslide,continuous_rain,medium,0,34.258,75.4189,NDTV
5611,2013-10-18,"National Highway 109, Uttarakhand","National Highway 109, Uttarakhand",Uttarakhand,landslide,rain,medium,0,30.5345,79.0853,www.thehindu.com
5244,2013-01-08,"Pushkum In Kargil, Kashmir","Pushkum In Kargil, Kashmir",Kashmir,landslide,downpour,medium,0,34.4332,76.2851,www.hindustantimes.com
2338,2010-08-26,"ghat road leading to Sri Kanakadurga(Kanaka Durga) temple, Indrakeeladri hill, Vijayawada city, Andhra Pradesh","ghat road leading to Sri Kanakadurga(Kanaka Durga) temple, Indrakeeladri hill, Vijayawada city, Andhra Pradesh",Andhra Pradesh,complex,downpour,medium,0,16.5141,80.6053,my-telugu
8224,2015-09-14,"Aizawl, Mizoram, India","Aizawl, Mizoram, India",Mizoram,landslide,downpour,medium,0,23.7313,92.7187,The Northeast Today
2495,2010-09-24,"rail line between Mulanthuruthy and Piravom near Mulanthruth, Kerala","rail line between Mulanthuruthy and Piravom near Mulanthruth, Kerala",Kerala,landslide,downpour,medium,0,9.8988,76.3902,thehindu
614,2008-06-29,"Kurseong sub division, Mamring","Kurseong sub division, Mamring",Bengal,landslide,unknown,medium,0,26.89,88.28,savethehills.blogspot
2414,2010-11-09,"Mandana(Madana) village(?), Panchkula-Morni rd, 20 km from Panchkula, Haryana","Mandana(Madana) village(?), Panchkula-Morni rd, 20 km from Panchkula, Haryana",Haryana,landslide,downpour,medium,0,30.7059,76.9844,timesofindia.indiatimes
540,2008-05-18,"Kalahandi district of Orissa, Depur village","Kalahandi district of Orissa, Depur village",Orissa,landslide,mining,medium,5,19.5178,83.1809,thaindian
9380,2016-04-04,Hanjishat village in Handwara area of Kupwara district,Hanjishat village in Handwara area of Kupwara district,Kashmir,landslide,continuous_rain,small,0,34.4002,74.2798,Kashmir Life
242,2007-07-09,"Darjeeling Hills, multiple villages in area (Kurseong, Kalimpong, Bhalukopa, Kukhleinkhani)","Darjeeling Hills, multiple villages in area (Kurseong, Kalimpong, Bhalukopa, Kukhleinkhani)",Bengal,landslide,rain,medium,0,26.8833,88.2833,The hindu.com
5240,2013-07-31,"Dehradun, Uttarakhand","Dehradun, Uttarakhand",Uttarakhand,landslide,downpour,medium,4,30.3822,78.0949,news.oneindia.in
6889,2015-03-15,Bandibala,Bandibala,Kashmir,landslide,continuous_rain,medium,0,34.0786,74.3836,Rising Kashmir
3889,2011-07-08,On the Manali highway near Mandi,On the Manali highway near Mandi,Himachal Pradesh,landslide,downpour,medium,0,31.7083,76.9316,Times of India
6525,2014-08-18,Yamunotri route,Yamunotri route,Uttarakhand,landslide,downpour,medium,0,30.9936,78.4594,Business Standard
1209,2009-02-10,National Highway 17 between Karwar and Ankola (,National Highway 17 between Karwar and Ankola (,Karnataka,landslide,downpour,medium,0,14.7395,74.2566,sahilonline
5189,2013-07-25,"Malshej Ghat, Maharashtra","Malshej Ghat, Maharashtra",Maharashtra,rock_fall,downpour,medium,0,19.3379,73.7767,articles.timesofindia.indiatimes.com
4241,2012-04-03,Tamei constituency in Tamenlong district,Tamei constituency in Tamenlong district,Manipur,landslide,unknown,medium,0,25.1604,93.6795,articles.timesofindia
609,2008-06-25,Udhagamandalam,Udhagamandalam,Tamil Nadu,landslide,downpour,medium,0,11.41,76.69,hindu
5054,2013-07-07,"Mandi Gurdwara, Himachal Pradesh","Mandi Gurdwara, Himachal Pradesh",Himachal Pradesh,landslide,downpour,small,0,31.7018,76.9424,articles.timesofindia.indiatimes.com
755,2008-08-28,"Ranka, Sikkim and Louing road","Ranka, Sikkim and Louing road",Sikkim,landslide,downpour,medium,0,27.337,88.609,beacononline.wordpress
1756,2010-04-17,"Nam Nang, Gangtok","Nam Nang, Gangtok",Sikkim,landslide,downpour,small,0,27.322,88.6087,voiceofsikkim.com
1930,2010-05-31,"Anini-Roing road,  Dibang Valley,  Arunachal Pradesh","Anini-Roing road,  Dibang Valley,  Arunachal Pradesh",Arunāchal Pradesh,landslide,downpour,medium,0,28.4298,95.8776,indianexpress
8745,2016-06-21,"Parsik Tunnel between Thane and Kalyan railway stations, India","Parsik Tunnel between Thane and Kalyan railway stations, India",Maharashtra,landslide,downpour,small,0,19.19,73.009,Indian Express
9334,2016-05-18,"Bilaipur, Hailakandi district, Assam, India","Bilaipur, Hailakandi district, Assam, India",Assam,landslide,continuous_rain,unknown,2,24.5204,92.7264,Indian Express
8237,2016-01-07,"Old Inspection Bungalow, Bhalukpong town, West Kameng, Arunachal Pradesh, India","Old Inspection Bungalow, Bhalukpong town, West Kameng, Arunachal Pradesh, India",Arunachal Pradesh,landslide,downpour,large,5,27.0136,92.6351,The Hindu
3747,2011-08-07,Manali-Leh highway,Manali-Leh highway,Himachal Pradesh,landslide,rain,medium,0,32.3237,77.1935,timesofindia.indiatimes
5323,2013-08-13,Zojila Pass,Zojila Pass,Kashmir,landslide,downpour,medium,0,34.2601,75.4466,freepresskashmir.com
6972,2015-12-06,"Gilbert Hill, Andheri West, Mumbai","Gilbert Hill, Andheri West, Mumbai",Maharashtra,landslide,downpour,small,0,19.1209,72.8406,The Times of India
4385,2012-03-06,"lachen, Sikkim","lachen, Sikkim",,landslide,downpour,medium,0,27.7167,88.5577,Telegraph India
4950,2013-06-18,"Tottilagundi, Dakshina Kannada District","Tottilagundi, Dakshina Kannada District",Karnataka,landslide,rain,medium,4,12.8446,75.2476,www.business-standard.com
3565,2011-02-06,"Idukki taluk, Kerala","Idukki taluk, Kerala",Kerala,landslide,downpour,medium,0,9.8306,76.9408,ibnlive.in
585,2008-06-14,"Itanagar-Naharlagun, Arunachal Pradesh","Itanagar-Naharlagun, Arunachal Pradesh",Arunāchal Pradesh,landslide,rain,large,21,27.0998,93.6287,ukpress.google
2041,2010-06-07,"highway to Rudraprayag district, Uttarakhand","highway to Rudraprayag district, Uttarakhand",Uttarakhand,landslide,downpour,medium,0,30.2485,78.8847,healthcarendiet
6174,2014-07-22,"Ramban, Kashmir","Ramban, Kashmir",Kashmir,landslide,rain,small,0,33.2395,75.2406,Free Press Kashmir
4859,2013-11-05,"Sarania Hills, North Guwahati, Guwahati, Assam,","Sarania Hills, North Guwahati, Guwahati, Assam,",Assam,landslide,rain,medium,0,26.1771,91.7599,articles.timesofindia.indiatimes.com
6307,2014-12-10,Putupadal gram panchayat in Nuagada block,Putupadal gram panchayat in Nuagada block,Odisha,landslide,tropical_cyclone,medium,0,19.1008,84.0502,Orissa Diary
2536,2010-03-10,Sakleshpur : A landslide at Sirivagilu near Subramanya forced cancellation of Kannur-Yeshwanthpur train on Sunday evening. A retaining wall built nea*,,Karnataka,landslide,unknown,medium,0,12.7796,75.5844,deccanherald
7613,2015-08-08,Jammu-Srinagar National Highway at Kheri in Udhampur district,Jammu-Srinagar National Highway at Kheri in Udhampur district,Kashmir,landslide,downpour,medium,0,32.9961,75.1994,NDTV
4436,2012-06-25,"Khonsa, Arunachal Pradesh","Khonsa, Arunachal Pradesh",Arunāchal Pradesh,landslide,downpour,medium,0,26.9986,95.4993,articles.timesofindia
3916,2011-08-13,"Chumukedima, Dimapur","Chumukedima, Dimapur",Assam,mudslide,downpour,medium,0,25.7713,93.8067,morungexpress
7034,2015-06-30,"Lava, Kalimpong","Lava, Kalimpong",West Bengal,landslide,downpour,medium,1,27.0875,88.6556,The Times of India
150,2007-07-30,Chamoli,Chamoli,Uttarakhand,landslide,downpour,medium,0,30.4,79.349,Red Cross - Field reports
5377,2013-08-19,Dara Gutli Village Of Uri Sector In North Kashmir'S Baramulla District,Dara Gutli Village Of Uri Sector In North Kashmir'S Baramulla District,Kashmir,landslide,tropical_cyclone,medium,2,34.0942,74.0226,www.business-standard.com
7628,2015-09-08,NH 88,NH 88,Himachal Pradesh,rock_fall,rain,small,0,31.6916,76.5102,Tribune
5250,2013-01-08,"Polo River At Polosang, Arunachal Pradesh","Polo River At Polosang, Arunachal Pradesh",Arunachal Pradesh,mudslide,rain,medium,0,27.8837,93.0515,www.thehindubusinessline.com
173,2007-11-08,Rishikesh,Rishikesh,Uttarakhand,landslide,rain,medium,0,30.0702,78.3027,Asian News International - Daily India
3805,2011-07-19,200 meters from Teesta Bridge towards Siliguri,200 meters from Teesta Bridge towards Siliguri,Sikkim,landslide,rain,medium,0,27.05374,88.42572,Hindu
2471,2010-09-19,"roads above Pithoragarh, Uttranchal","roads above Pithoragarh, Uttranchal",Uttarakhand,landslide,downpour,medium,0,29.7911,80.058,sify.com
7171,2015-03-30,16 dead in Chadoora,Laden in Chadoora,Kashmir,landslide,continuous_rain,medium,16,33.9445,74.799,State Times
2488,2010-09-22,"between Kathalighat(Kathleeghat) and Knoh(?) stations, rail line between Solan and Shimla 15 km form Shimla, Himachal Pradesh","between Kathalighat(Kathleeghat) and Knoh(?) stations, rail line between Solan and Shimla 15 km form Shimla, Himachal Pradesh",Himachal Pradesh,landslide,downpour,medium,0,31.0215,77.1038,himvani
3666,2011-06-29,"Manali-Leh road, between Mari and Rohtang","Manali-Leh road, between Mari and Rohtang",Himachal Pradesh,landslide,continuous_rain,medium,0,32.4318,77.2147,ibnlive.in
9144,2015-12-29,Hill collapses during construction,National Highway-21 near Rani-Ki-Bain,Himachal Pradesh,complex,construction,medium,0,31.46627,76.86927,The Tribune
8988,2015-07-12,Upper Kodaikanal Road,Upper Kodaikanal Road,Tamil Nadu,landslide,rain,medium,0,10.2288,77.4767,Indian 24 News
3738,2011-06-07,"National Highway 53, Sinam Khul (near Kotlen; ~25 km from Imphal)","National Highway 53, Sinam Khul (near Kotlen; ~25 km from Imphal)",Manipur,landslide,downpour,medium,6,24.8063,93.9482,e-pao.net
240,2007-07-09,"NH-17, Panaji to Mapusa on Old Mandovi bridge, Goa","NH-17, Panaji to Mapusa on Old Mandovi bridge, Goa",Goa,landslide,rain,medium,8,15.5063,73.8362,navhindtimes.com
3629,2011-06-19,"Cuddegal in Sanvordem, outside the mining lease area","Cuddegal in Sanvordem, outside the mining lease area",Goa,landslide,downpour,medium,0,15.2932,74.1447,The Times of India
804,2008-09-22,"Ghaggar, Morni, Panchkula","Ghaggar, Morni, Panchkula",Haryana,landslide,rain,medium,0,30.7,77.08,indianexpress
3891,2011-07-08,"Digdol, Jammu-Srinagar National Highway, between Kashmir and the rest of the country","Digdol, Jammu-Srinagar National Highway, between Kashmir and the rest of the country",Kashmir,landslide,downpour,medium,0,33.4406,75.1996,Times of India
2426,2010-09-13,"Hual(Hu) village(?), Lunglei-Lawngtlai rd, Mizoram","Hual(Hu) village(?), Lunglei-Lawngtlai rd, Mizoram",Mizoram,landslide,downpour,medium,0,22.7176,92.8416,Mizoram Express
1084,2009-12-08,"Upper Subansiri District, Arunanchal Pradesh","Upper Subansiri District, Arunanchal Pradesh",Arunāchal Pradesh,landslide,downpour,medium,0,27.7,92.8,timesofindia.indiatimes
7266,2015-07-22,Yangkhullen-Tamphung road till Nagaland border,Yangkhullen-Tamphung road till Nagaland border,Manipur,landslide,continuous_rain,medium,0,25.5098,93.8794,The Sangai Express
7292,2015-07-27,"near a hill at Puthuvacherry, in Peralassery in Kannur","near a hill at Puthuvacherry, in Peralassery in Kannur",Kerala,mudslide,mining,small,2,11.8348,75.4856,Kaumudi Online
101,2007-06-25,Wayanad,Wayanad,Kerala,landslide,monsoon,large,4,11.7095,76.074,United Nations Development Programme - Relief Web
1129,2009-08-30,"Road stretch from Gammom to Chamu village, under Kamjong block, Ukhrul district, Manipur","Road stretch from Gammom to Chamu village, under Kamjong block, Ukhrul district, Manipur",Manipur,landslide,downpour,medium,0,24.8628,94.4182,e-pao.net
2453,2010-09-19,"near Chausali village(?), Almora district, Uttarakhand","near Chausali village(?), Almora district, Uttarakhand",Uttarakhand,landslide,downpour,medium,0,29.6131,79.494,indiascanner.com
4536,2012-04-09,"Varai, Maharashtra","Varai, Maharashtra",Maharashtra,landslide,downpour,medium,0,19.6241,72.9084,articles.timesofindia
2166,2010-07-29,"Highway 53 at Tupul, Tamenglong district","Highway 53 at Tupul, Tamenglong district",Assam,landslide,downpour,medium,0,24.9786,93.5027,gsi.gov
213,2007-08-26,Shillong Road at Kuliang in the Jaintia Hills,Shillong Road at Kuliang in the Jaintia Hills,Assam,landslide,rain,medium,0,25.2946,92.8339,Telegraph India
5327,2013-08-14,"Banihal, Ramban District, Kashmir","Banihal, Ramban District, Kashmir",Kashmir,landslide,downpour,medium,0,33.4431,75.1915,ibnlive.in.com
7274,2015-07-25,Vasco,Vasco,Goa,landslide,downpour,small,0,15.3904,73.8182,NYOOZ
5252,2013-02-08,Jammu-Pathankot Route Near Samba,Jammu-Pathankot Route Near Samba,Kashmir,landslide,continuous_rain,medium,0,32.5282,75.1199,www.hindustantimes.com
1871,2010-05-17,"Srinagar-Leh national highway, Captain Mode, Kashmir valley","Srinagar-Leh national highway, Captain Mode, Kashmir valley",Kashmir,landslide,downpour,medium,0,34.3951,75.6233,gsi.gov
9178,2016-07-23,"road leading to Patala Ganga and the ropeway in Srisailam, Andhra Pradesh, India","road leading to Patala Ganga and the ropeway in Srisailam, Andhra Pradesh, India",Andhra Pradesh,rock_fall,downpour,medium,0,16.0781,78.8743,The Hindu
5583,2013-06-10,"Ponsuli, Goa","Ponsuli, Goa",,landslide,downpour,medium,0,15.6365,74.1158,articles.timesofindia.indiatimes.com
178,2007-12-08,Kangra,Kangra,Himachal Pradesh,landslide,rain,large,2,32.0985,76.2665,The hindu.com
4426,2012-06-22,Lalunggaon near Gorchuk area,Lalunggaon near Gorchuk area,Assam,landslide,downpour,medium,3,26.1226,91.7162,thesop.org
8366,2015-09-23,"Shillong, Meghalaya, India","Shillong, Meghalaya, India",Meghalaya,landslide,downpour,medium,2,25.583,91.893,The Northeast Today
9048,2016-07-17,"Karcham, Himachal Pradesh, India","Karcham, Himachal Pradesh, India",Himachal Pradesh,landslide,unknown,small,1,31.5007,78.1758,India Times
3829,2011-07-22,"Konkan Railway, between Sindhudurg and Kudal","Konkan Railway, between Sindhudurg and Kudal",Maharashtra,landslide,downpour,small,0,16.1078,73.7167,articles.timesofindia
7309,2015-08-15,Malla,Malla,Uttarakhand,landslide,continuous_rain,medium,0,30.7864,78.616,Times of India
5047,2013-07-07,"Mandi-Pathankot Highway At Paddar, Himachal Pradesh","Mandi-Pathankot Highway At Paddar, Himachal Pradesh",Himachal Pradesh,landslide,downpour,medium,0,31.8795,76.9161,articles.timesofindia.indiatimes.com
1934,2010-03-06,Rongpur village under Bhairabhnagar panchayat in Karimganj district,Rongpur village under Bhairabhnagar panchayat in Karimganj district,Assam,landslide,downpour,medium,2,24.6005,92.3814,Telegraph India
3342,2011-06-04,"Latiefabad(?) and Khawar(Kawhar)(?) hamlets, Sheeri(?) area, Baramulla district","Latiefabad(?) and Khawar(Kawhar)(?) hamlets, Sheeri(?) area, Baramulla district",Kashmir,landslide,downpour,medium,0,34.2101,74.3445,thehindu
6162,2014-07-19,"Mussoorie, Uttarakhand","Mussoorie, Uttarakhand",Uttarakhand,landslide,rain,small,0,30.4305,78.0803,The Times of India
5139,2013-07-19,"Munsyari Area, Pithoragarh, Uttarakhand","Munsyari Area, Pithoragarh, Uttarakhand",Uttarakhand,landslide,downpour,medium,0,30.0718,80.2369,www.thehindu.com
146,2007-07-30,Uttarkashi district,Uttarkashi district,Uttarakhand,landslide,downpour,medium,2,30.733,78.439,Red Cross - Field reports
7655,2016-04-22,"Tawang, Arunachal Pradesh","Tawang, Arunachal Pradesh",Arunachal Pradesh,landslide,continuous_rain,medium,17,27.5799,91.8569,Zee News
234,2007-05-09,Panthal in Jammu’s Ramban district on Srinagar-Jammu Highway,Panthal in Jammu’s Ramban district on Srinagar-Jammu Highway,Kashmir,landslide,rain,medium,0,33.1662,75.3098,The hindu.com
5265,2013-04-08,"Idukki, Kerala","Idukki, Kerala",Kerala,landslide,continuous_rain,very_large,3,9.9147,77.011,articles.timesofindia.indiatimes.com
9464,2016-05-08,Babrang village under Jang circle in Tawang district,Babrang village under Jang circle in Tawang district,Arunachal Pradesh,landslide,downpour,medium,0,27.5754,91.9754,Business Standard
104,2007-06-25,Prakasam,Prakasam,Andhra Pradesh,landslide,rain,medium,0,16.6252,80.6128,United Nations Development Programme - Relief Web
3912,2011-12-08,East Kameng district in Arunachal Pradesh bordering China,East Kameng district in Arunachal Pradesh bordering China,Arunāchal Pradesh,landslide,rain,medium,0,27.44,92.2833,inewsone
5195,2013-07-25,"Alaknanda Valley Of Chamoli District, Uttarakhand","Alaknanda Valley Of Chamoli District, Uttarakhand",Uttarakhand,landslide,continuous_rain,medium,0,30.4041,79.3276,www.newindianexpress.com
5272,2013-04-08,"Longsa, Nagaland","Longsa, Nagaland",Nāgāland,landslide,monsoon,medium,0,26.2083,94.5438,www.nagalandpost.com
6890,2015-03-15,Hajibal,Hajibal,Kashmir,landslide,continuous_rain,medium,0,34.0968,74.4117,Rising Kashmir
9006,2016-07-16,"Kulashekara-Konguru Mutt Road (Kongoor Mutt Road) near Mangaluru Junction-Panambur Railway line, near Mangaluru, India","Kulashekara-Konguru Mutt Road (Kongoor Mutt Road) near Mangaluru Junction-Panambur Railway line, near Mangaluru, India",Karnataka,landslide,construction,small,0,12.8962,74.8859,The Hindu
580,2008-09-06,"near Kuloor church, in Manipur along National Highway","near Kuloor church, in Manipur along National Highway",Manipur,landslide,monsoon,medium,0,24.6596,93.9784,daijiworld
5074,2013-10-07,"Antop Hill, Mumbai","Antop Hill, Mumbai",Maharashtra,landslide,downpour,medium,2,19.0263,72.8676,www.hindustantimes.com
5575,2013-05-10,"Chiechama, Nagaland","Chiechama, Nagaland",Nāgāland,mudslide,continuous_rain,medium,0,25.8266,94.1497,www.business-standard.com
2105,2010-07-20,"Bhimtal area, Naintal district, Uttarakhand","Bhimtal area, Naintal district, Uttarakhand",Uttarakhand,landslide,downpour,medium,1,29.3576,79.5519,dnaindia
5036,2013-05-07,"Reasi District, Jammu And Kashmir","Reasi District, Jammu And Kashmir",Kashmir,landslide,downpour,medium,1,33.0852,74.8799,freepresskashmir.com
8996,2016-07-14,"Pub Sarania hill, South Sarania, Guwahati, Assam, India","Pub Sarania hill, South Sarania, Guwahati, Assam, India",Assam,landslide,monsoon,small,1,26.1768,91.7702,Indian Express
1613,2010-02-04,"Koloriang, Kuring Kumey district, Arunachal Pradesh","Koloriang, Kuring Kumey district, Arunachal Pradesh",Arunāchal Pradesh,mudslide,downpour,large,12,27.8997,93.3497,english.peopledaily
7138,2015-07-07,"NH-10, Sepi Jhora, Kalimpong","NH-10, Sepi Jhora, Kalimpong",Sikkim,landslide,continuous_rain,small,0,27.0816,88.4397,The Indian Express
5341,2013-08-17,Pilgao-Narvem,Pilgao-Narvem,Goa,landslide,downpour,medium,0,15.5419,73.9214,articles.timesofindia.indiatimes.com
5333,2013-08-14,"Sanjiote Near Poonch, Kashmir","Sanjiote Near Poonch, Kashmir",Kashmir,landslide,downpour,medium,3,33.7706,74.0967,www.kashmirtimes.in
4484,2012-08-17,"(Thalanadu - Teekoy hwy), Erattupetta, Kottayam (Thalanadu - Teekoy hwy)","(Thalanadu - Teekoy hwy), Erattupetta, Kottayam (Thalanadu - Teekoy hwy)",Kerala,landslide,downpour,medium,0,9.6991,76.8168,dailypioneer.com
3380,2011-04-19,"Gudder village(?), Kulgam district, Jammu and Kashmir","Gudder village(?), Kulgam district, Jammu and Kashmir",Kashmir,landslide,downpour,medium,0,33.5808,74.9035,ibnlive.in
6730,2014-12-31,Tsarap River,Tsarap River,Kashmir,landslide,unknown,large,0,33.287,77.2853,Earth Observatory
2596,2010-10-14,road linking Sangla Valley with Recong-Peo of Kinnaur district  at Kupaa,road linking Sangla Valley with Recong-Peo of Kinnaur district  at Kupaa,Himachal Pradesh,landslide,rain,medium,0,31.5158,78.2619,himvani
8998,2016-07-13,"Chandanpur village, Maharajpur, Kanpur, India","Chandanpur village, Maharajpur, Kanpur, India",Uttar Pradesh,mudslide,monsoon,medium,2,26.3221,80.4703,NYOOOZ
3097,2011-07-02,"Jammu-Srinagar highway, Pathal area, Ramban district, Jammu and Kashmir","Jammu-Srinagar highway, Pathal area, Ramban district, Jammu and Kashmir",Kashmir,landslide,downpour,medium,0,33.35407,75.17241,Times of India
4592,2012-10-22,"(between Burliar and Kallar) Nilgiris, Tamil Nadu,","(between Burliar and Kallar) Nilgiris, Tamil Nadu,",Kerala,landslide,rain,medium,0,10.077,76.322,Telegraph
4857,2013-11-05,"Laipuitland , Aizawl, Mizoram","Laipuitland , Aizawl, Mizoram",Mizoram,landslide,rain,large,15,23.7281,92.7175,articles.timesofindia.indiatimes.com
2538,2010-03-10,"road from Pinjore(Pinjaur), Haryana to Nalagarh, Himachal Pradesh","road from Pinjore(Pinjaur), Haryana to Nalagarh, Himachal Pradesh",Himachal Pradesh,landslide,continuous_rain,medium,0,30.9141,76.818,sify.com
5652,2013-11-20,"Kazigadi Near Nashik, Maharashtra","Kazigadi Near Nashik, Maharashtra",Maharashtra,landslide,unknown,medium,0,20.0014,73.7917,articles.timesofindia.indiatimes.com
6945,2015-06-19,"amei to Kangpokpi via Imphal road, 0.5 km from Tamei, Tamenglang District","amei to Kangpokpi via Imphal road, 0.5 km from Tamei, Tamenglang District",Manipur,landslide,monsoon,medium,0,25.16,93.686,E-Pao
6177,2014-07-23,"Bazpur, Uttarakhand","Bazpur, Uttarakhand",Uttarakhand,landslide,continuous_rain,small,2,29.1585,79.1464,Times of India
5330,2013-08-14,"Panthal Area, Ramban District, Kashmir","Panthal Area, Ramban District, Kashmir",Kashmir,landslide,downpour,medium,0,33.3216,75.1984,www.business-standard.com
2242,2010-08-13,"Chandigarh-Shimla national highway (NH 22), near Parwanoo, Himachal pradesh","Chandigarh-Shimla national highway (NH 22), near Parwanoo, Himachal pradesh",Himachal Pradesh,landslide,rain,medium,0,30.8522,76.991,sify.com
1857,2010-11-05,"National highway 44 at Sunapur and Tongseng in Jaintia Hills district, eastern Meghalaya","National highway 44 at Sunapur and Tongseng in Jaintia Hills district, eastern Meghalaya",Meghālaya,landslide,downpour,medium,0,25.3433,92.2897,prokerala
2743,2010-11-22,"Tawang Monastery, Arunachal Pradesh","Tawang Monastery, Arunachal Pradesh",Arunāchal Pradesh,landslide,unknown,medium,0,27.57987,91.85672,Daily News and Analysis
4507,2012-08-22,"Jammu-Sringar Hwy, between Sri and Ramban, kerala","Jammu-Sringar Hwy, between Sri and Ramban, kerala",Kashmir,landslide,downpour,medium,0,33.2412,75.2382,business-standard
9409,2016-04-13,a construction site on Tiger Hill Road,a construction site on Tiger Hill Road,Tamil Nadu,mudslide,construction,small,1,11.3464,76.8076,The Hindu
6734,2015-01-29,construction site in East Kidwai Nagar,construction site in East Kidwai Nagar,NCT,mudslide,unknown,small,1,28.5714,77.2135,NDTV
4860,2013-11-05,"Boragaon, North Guwahati, Guwahati, Assam,","Boragaon, North Guwahati, Guwahati, Assam,",Assam,landslide,rain,medium,0,26.1016,91.6906,articles.timesofindia.indiatimes.com
4845,2013-07-05,"Kolasib, Saiha, Mizoram,","Kolasib, Saiha, Mizoram,",Mizoram,mudslide,rain,medium,0,24.2315,92.6755,www.thehindu.com
7363,2015-06-30,"Limbu Dhura, Tingling","Limbu Dhura, Tingling",West Bengal,landslide,downpour,medium,19,26.8843,88.1835,Statesman
1770,2010-04-20,"Kharghuli, Guwahati, Assam","Kharghuli, Guwahati, Assam",Assam,landslide,downpour,medium,0,26.1965,91.763,assamtribune
7961,2015-05-09,Bhojpur,Bhojpur,Bihar,landslide,unknown,medium,1,25.4551,84.5322,The Himalayan Times
4925,2013-06-16,"Road To Sangla Valley, Near Kupa Village, Kinnaur District, Himachal Pradesh","Road To Sangla Valley, Near Kupa Village, Kinnaur District, Himachal Pradesh",Himachal Pradesh,landslide,rain,medium,0,31.4551,78.1996,www.business-standard.com
103,2007-06-25,Cuddappa,Cuddappa,Andhra Pradesh,landslide,rain,medium,0,14.4702,78.8205,United Nations Development Programme - Relief Web
6184,2014-07-28,"Pithauragadh, Uttarakhand","Pithauragadh, Uttarakhand",Uttarakhand,landslide,continuous_rain,medium,7,29.5829,80.2182,Republica
488,2008-03-30,Biama area of Khalsi tehsil in Leh district,Biama area of Khalsi tehsil in Leh district,Kashmir,landslide,rain,medium,2,34.219,77.2665,hindu
3947,2011-08-27,"Shakti Nagar, New Delhi","Shakti Nagar, New Delhi",NCT,landslide,downpour,medium,1,28.6809,77.1958,ibnlive.in
2290,2010-08-20,"Gaurikund, road to Kedarnath, Garwhal division, Uttarakhand","Gaurikund, road to Kedarnath, Garwhal division, Uttarakhand",Uttarakhand,landslide,downpour,medium,0,30.6509,79.0264,dnaindia
7728,2015-08-22,Natonal Highway in Jorabat area,Natonal Highway in Jorabat area,Assam,landslide,continuous_rain,medium,0,26.1028,91.8806,Assam Times
3373,2011-04-17,"Jammu and Srinagar Natl. Hwy., Panthal, Ramban","Jammu and Srinagar Natl. Hwy., Panthal, Ramban",Kashmir,landslide,downpour,medium,0,33.3645,75.1999,dnaindia
97,2007-06-25,Ratnagiri,Ratnagiri,Maharashtra,landslide,rain,medium,18,16.9648,73.5189,United Nations Development Programme - Relief Web
5287,2013-06-08,Tunnel Number 16 On The Jammu-Udhampur Section,Tunnel Number 16 On The Jammu-Udhampur Section,Kashmir,landslide,downpour,medium,0,32.8363,75.1489,www.business-standard.com
8916,2016-10-07,"Ahmednagar-Thane Road , Malshej Ghat, Maharashtra, India","Ahmednagar-Thane Road , Malshej Ghat, Maharashtra, India",Maharashtra,landslide,unknown,medium,1,19.34,73.7746,The Indian Express
5334,2013-08-15,"Manali-Spiti Road Between Gramphu And Chhatru, Himachal Pradesh","Manali-Spiti Road Between Gramphu And Chhatru, Himachal Pradesh",Himachal Pradesh,landslide,downpour,medium,0,32.3573,77.3052,articles.timesofindia.indiatimes.com
7285,2015-07-26,"Klibi Patwar, Theog","Klibi Patwar, Theog",Himachal Pradesh,landslide,continuous_rain,medium,3,31.1263,77.3525,The Tribune
5346,2013-08-17,"Harsil, Uttarakhand","Harsil, Uttarakhand",Uttarakhand,landslide,rain,medium,0,31.0343,78.7248,www.ndtv.com
3908,2011-11-08,On circular road near Panjtirthi,On circular road near Panjtirthi,Kashmir,landslide,rain,medium,1,32.737,74.876,ibnlive.in
7198,2015-07-14,Farangipete,Farangipete,Karnataka,landslide,continuous_rain,small,3,12.8747,74.9566,Daji World
3807,2011-07-19,Kishtwar,Kishtwar,Kashmir,landslide,rain,medium,3,33.6917,76.0412,ibnlive.in
7950,2015-06-09,"Ooty, India","Ooty, India",Tamil Nadu,rock_fall,unknown,medium,0,11.404,76.6952,The Economic Times
5079,2013-11-07,Dhankuta,Dhankuta,Jharkhand,mudslide,continuous_rain,medium,0,26.9734,87.3412,ekantipur
2180,2010-07-31,"Padil, NH - 48","Padil, NH - 48",Karnataka,landslide,downpour,medium,0,12.8715,74.8862,daijiworld
9426,2016-03-26,Jammu-Srinagar national highway,Jammu-Srinagar national highway,Kashmir,landslide,continuous_rain,medium,5,33.04965,75.29049,Indian Express
7366,2015-07-31,Chohla village of Kajlot panchayat,Chohla village of Kajlot panchayat,Himachal Pradesh,debris_flow,continuous_rain,medium,0,32.2241,76.3374,Times of India
5274,2013-04-08,"Suruhuto Town, Nagaland","Suruhuto Town, Nagaland",Nāgāland,landslide,rain,medium,0,26.0838,94.564,www.nagalandpost.com
2207,2010-06-08,"Sabu(Saboo) village, Leh, Ladakh, Jammu and Kashmir","Sabu(Saboo) village, Leh, Ladakh, Jammu and Kashmir",Kashmir,landslide,downpour,large,11,34.1481,77.6538,alertnet
7836,2015-08-27,"National Highway 54, at Kawnpui town","National Highway 54, at Kawnpui town",Mizoram,landslide,downpour,medium,0,24.042,92.6724,Indian Express
3673,2011-06-29,"Rishikesh-Kedarnath national highway, Sirobagad","Rishikesh-Kedarnath national highway, Sirobagad",Uttarakhand,landslide,downpour,medium,0,30.2416,78.8996,ibnlive.in
1315,2009-11-20,"Parimal underpass near Juta Bazaar, Ahmedabad, Gujrat State","Parimal underpass near Juta Bazaar, Ahmedabad, Gujrat State",Gujarāt,landslide,construction,medium,5,23.0396,72.566,dnaindia
451,2008-02-13,Alwarpet in Coonoor,Alwarpet in Coonoor,Tamil Nadu,landslide,rain,medium,0,11.3484,76.7937,hindu
2389,2010-04-09,"Chhinka area(?), on Rishikesh-Badrinath hwy","Chhinka area(?), on Rishikesh-Badrinath hwy",Uttarakhand,landslide,downpour,medium,0,30.5004,79.3888,economictimes.indiatimes
3776,2011-07-15,Itanagar/Naharlagur/Nirjuli,Itanagar/Naharlagur/Nirjuli,Arunāchal Pradesh,landslide,downpour,small,0,27.125,93.7145,ibnlive.in
4798,2013-07-04,"Dibang Valley, Arunachal Pradesh","Dibang Valley, Arunachal Pradesh",Arunachal Pradesh,landslide,rain,medium,0,28.8254,96.1509,www.ndtv.com
111,2007-02-07,Jammu-Srinagar highway between Ramban and Srinagar,Jammu-Srinagar highway between Ramban and Srinagar,Kashmir,landslide,downpour,medium,0,33.24431,75.22742,Red Cross - Field reports
2138,2010-07-25,"Kanlog, Shimla, Himachal Pradesh","Kanlog, Shimla, Himachal Pradesh",Himachal Pradesh,landslide,downpour,medium,2,31.0931,77.1675,Himvani
7388,2015-01-08,Senam,Senam,Manipur,landslide,continuous_rain,medium,0,24.416,94.0984,E-PAO
5421,2013-08-30,"Yakshu, Nagaland","Yakshu, Nagaland",Nāgāland,mudslide,unknown,medium,0,26.4205,94.9731,www.nagalandpost.com
6359,2014-06-09,Rakh batla belt in Udhampur,Rakh batla belt in Udhampur,Kashmir,other,rain,medium,2,32.9148,75.0556,Deccan Chronicle
4513,2012-08-24,"Kangra,  Himachal Pradesh","Kangra,  Himachal Pradesh",Himachal Pradesh,landslide,downpour,medium,0,32.1002,76.2699,business-standard
452,2008-02-13,"Ramban, near Sringar-Jammu highway","Ramban, near Sringar-Jammu highway",Kashmir,landslide,rain,medium,0,33.2418,75.242,ptinews
1154,2009-10-09,"Manali Kaza-Manali Road near Kunzum Pass, Spiti Valley, Himachal Pradesh","Manali Kaza-Manali Road near Kunzum Pass, Spiti Valley, Himachal Pradesh",Himachal Pradesh,landslide,downpour,medium,0,32.4035,77.5796,thaindian
7249,2015-07-13,"Phase-III, Sector 5, New Shimla","Phase-III, Sector 5, New Shimla",Himachal Pradesh,mudslide,continuous_rain,small,0,31.0851,77.1665,The Tribune
5897,2014-02-23,Ramban district of Jammu and Kashmir,Ramban district of Jammu and Kashmir,Kashmir,landslide,unknown,large,2,33.2359,75.244,Z News India .com
2343,2010-08-27,"NH-39 at Ekai village(?), 2 km for Tadubi, Manipur","NH-39 at Ekai village(?), 2 km for Tadubi, Manipur",Nāgāland,landslide,downpour,medium,0,25.4786,94.1327,e-pao
5617,2013-10-25,"Chrsiturajupuram, Vijayawada, Andhra Pradesh","Chrsiturajupuram, Vijayawada, Andhra Pradesh",Andhra Pradesh,landslide,rain,medium,0,16.5175,80.6117,www.thehindu.com
3619,2011-06-17,"National HWY 31A, Birik (cut off Sikkim)","National HWY 31A, Birik (cut off Sikkim)",,mudslide,rain,medium,0,27.4885,88.4451,Telegraph India
2208,2010-06-08,"Nimoo(Nimu)(Nimmoo) village, Leh, Ladakh, Jammu and Kashmir","Nimoo(Nimu)(Nimmoo) village, Leh, Ladakh, Jammu and Kashmir",Kashmir,landslide,downpour,large,182,34.2116,77.3504,alertnet
3683,2011-01-07,NH-61 between Botsa and Chiechama,NH-61 between Botsa and Chiechama,Nāgāland,landslide,downpour,medium,0,25.8782,94.1739,morungexpress
9619,2016-10-15,Namchi,Namchi,Sikkim,landslide,rain,medium,0,27.1695,88.3664,Hindu
6552,2014-08-26,a village near Bhavanagar,a village near Bhavanagar,Himachal Pradesh,landslide,unknown,medium,2,31.5593,77.9277,FIRSTPOST
7591,2015-03-19,Ratacherra,Ratacherra,Assam,landslide,rain,small,0,25.0318,92.4584,International Business Times
1521,2010-02-23,Tehri : Two children were killed and another injured when landslides triggered by heavy rains demolished a house at Tangadia village in Tehri distric*,,Uttarakhand,landslide,downpour,medium,2,30.383,78.5094,ptinews
2047,2010-07-07,"Chhatru(?), Gramphu(?)-Kaza rd, Himachal Pradesh","Chhatru(?), Gramphu(?)-Kaza rd, Himachal Pradesh",Himachal Pradesh,landslide,downpour,medium,0,32.219,78.072,himvani
7110,2015-04-30,Rishikesh-Badrinath National Highway near Joshimath,Rishikesh-Badrinath National Highway near Joshimath,Uttarakhand,landslide,continuous_rain,small,0,30.5568,79.5541,Niti Central
5441,2013-02-09,"Gosang Village Under Jengging Circle, Arunachal Pradesh","Gosang Village Under Jengging Circle, Arunachal Pradesh",Arunāchal Pradesh,landslide,downpour,large,0,28.611,94.9829,articles.timesofindia.indiatimes.com
9232,2016-07-28,"Ngur, near Mizoram-Myanmar border, India","Ngur, near Mizoram-Myanmar border, India",Mizoram,landslide,continuous_rain,medium,2,23.5397,93.3783,Business Standard
4555,2012-09-15,"Dhar-Udhampur rd, Moda Dadda, Udhampur","Dhar-Udhampur rd, Moda Dadda, Udhampur",Kashmir,landslide,downpour,medium,0,32.9295,75.1432,greaterkashmir
4434,2012-06-25,"Sonaighuli area near Kahilipara, Guwahati City, Assam","Sonaighuli area near Kahilipara, Guwahati City, Assam",Assam,landslide,downpour,large,1,26.1049,91.7369,thesop.org
1090,2009-08-16,"Malutar tea estate, Darjeeling, West Bengal","Malutar tea estate, Darjeeling, West Bengal",Bengal,landslide,downpour,medium,2,26.9599,88.268,beacononline.wordpress
2162,2010-07-29,"Pīpalkoti : Landslips, triggered by heavy rain, blocked two key highways connecting Rishikesh, Gangotri and Badrinath in Uttarakhand on Thursday, lea*",,Uttarakhand,landslide,downpour,medium,0,30.4054,79.3426,hindu
592,2008-06-18,"Manali-Leh road, Gulaba near Rohtang Pass","Manali-Leh road, Gulaba near Rohtang Pass",Himachal Pradesh,landslide,rain,medium,0,32.3712,77.2466,thecheers
4378,2012-02-06,"Arunachal Pradesh, Dibang,","Arunachal Pradesh, Dibang,",Arunachal Pradesh,landslide,downpour,medium,0,28.8254,96.1517,isikkim.com
7214,2015-07-15,Type-IV Colony of Seppa in East Kameng,Type-IV Colony of Seppa in East Kameng,Arunachal Pradesh,landslide,monsoon,medium,3,27.36,93.0385,NDTV
2452,2010-09-19,"near Mohand, Dehradun-Delhi hwy, Uttar Pradesh","near Mohand, Dehradun-Delhi hwy, Uttar Pradesh",Uttarakhand,landslide,downpour,medium,0,30.1977,77.9137,dailypioneer
6841,2015-05-03,Sanasar area of district Ramban,Sanasar area of district Ramban,Kashmir,landslide,unknown,medium,0,33.1213,75.2449,Daily Excelsior
5582,2013-06-10,"Batahguli, Guwahati, Assam","Batahguli, Guwahati, Assam",Assam,landslide,downpour,medium,1,26.1309,91.8383,articles.timesofindia.indiatimes.com
2405,2010-09-09,"Mossing(Mosing) village(?), Upper Siang district, Arunachal Pradesh","Mossing(Mosing) village(?), Upper Siang district, Arunachal Pradesh",Arunāchal Pradesh,landslide,downpour,medium,10,28.3036,95.4112,timesofindia.indiatimes
785,2008-10-09,"Solva, Raia","Solva, Raia",Goa,rock_fall,rain,medium,0,15.323,73.974,timesofindia
3556,2011-05-31,"Roads between Tamei(Tamma?), Kangpokpi and Chalwa, Manipur","Roads between Tamei(Tamma?), Kangpokpi and Chalwa, Manipur",Manipur,landslide,continuous_rain,small,0,25.1555,93.8474,e-pao.net
4488,2012-08-17,"Pullupara, Perunanthanam, kerala","Pullupara, Perunanthanam, kerala",Kerala,landslide,downpour,medium,0,9.5527,76.9299,ibnlive.in
5358,2013-08-18,Rishkesh-Yamunotri Highway,Rishkesh-Yamunotri Highway,Uttarakhand,landslide,rain,medium,0,30.6639,78.0574,zeenews.india.com
2569,2010-08-10,"Bungte Chiru village(?), Senapati district, Manipur","Bungte Chiru village(?), Senapati district, Manipur",Nāgāland,landslide,downpour,medium,0,25.2745,94.0212,e-pao.net
2423,2010-09-13,"road to Kanan Veng from Hunthar Veng, Mizoram","road to Kanan Veng from Hunthar Veng, Mizoram",Mizoram,landslide,downpour,medium,0,23.73504,92.71061,Mizoram Express
3532,2011-05-24,"Silchar-Haflong rd., at Reko(Rekha )(?), near Harangajao, Barail Hills, Assam","Silchar-Haflong rd., at Reko(Rekha )(?), near Harangajao, Barail Hills, Assam",Assam,complex,downpour,medium,0,25.0888,92.8551,articles.timesofindia
2345,2010-08-27,"Daragaon(?), Gangtok city, Sikkim","Daragaon(?), Gangtok city, Sikkim",Sikkim,landslide,downpour,medium,0,27.3392,88.6188,thehindu
9638,2016-10-17,Ferozeguda,Ferozeguda,Telangana,mudslide,construction,medium,1,17.4655,78.4606,New Indian Express
4940,2013-06-17,"Dehradun, Uttarakhand","Dehradun, Uttarakhand",Uttarakhand,landslide,rain,medium,3,30.3069,78.0169,ibnlive.in.com
7956,2015-05-09,Byrnihat,Byrnihat,Meghalaya,landslide,unknown,medium,0,26.048,91.8695,The Assam Tribune
5213,2013-07-27,Paharpur Locality In Koderma,Paharpur Locality In Koderma,Jharkhand,landslide,downpour,small,2,24.3599,85.6179,articles.timesofindia.indiatimes.com
2425,2010-09-13,"near Tuichang(?) on Tuichang river, Aizawl-Champhai rd, Mizoram","near Tuichang(?) on Tuichang river, Aizawl-Champhai rd, Mizoram",Mizoram,landslide,downpour,medium,0,23.3439,93.0748,Mizoram Express
6970,2015-06-16,Akonggre,Akonggre,Meghalaya,rock_fall,downpour,small,1,25.5084,90.2191,The Shillong Times
2040,2010-06-07,"highway to Uttarkashi district, Uttarakhand","highway to Uttarkashi district, Uttarakhand",Uttarakhand,landslide,downpour,medium,0,30.638,78.3297,healthcarendiet
5312,2013-11-08,Kangtsung Village,Kangtsung Village,Assam,landslide,downpour,very_large,0,26.7103,94.693,www.nagalandpost.com
2711,2010-11-11,"Bantwal Cross (BC) road flyover, NH48, between Mangalore and Beltangady(Belthangady) and Puttur, Bantwal, Karnataka","Bantwal Cross (BC) road flyover, NH48, between Mangalore and Beltangady(Belthangady) and Puttur, Bantwal, Karnataka",Karnataka,landslide,downpour,medium,0,12.8806,75.0327,mangalorean.com
6247,2014-10-15,Kashmaari village in Solan district,Kashmaari village in Solan district,Himachal Pradesh,landslide,mining,medium,2,31.0164,77.0991,Zee News
1929,2010-05-31,"North Sikkiim Highway, periphery of Gangtok, Sikkim East district","North Sikkiim Highway, periphery of Gangtok, Sikkim East district",Sikkim,landslide,downpour,medium,0,27.3543,88.6428,sify.com
2568,2010-08-10,"Nungba, Tamenglong, Manipur","Nungba, Tamenglong, Manipur",Assam,landslide,downpour,medium,0,24.7679,93.4108,assamtribune
3171,2011-03-03,"Srawan village(?), Batote-Doda-Kishtwar road, Kishtwar district","Srawan village(?), Batote-Doda-Kishtwar road, Kishtwar district",Kashmir,landslide,downpour,medium,1,33.2257,75.6695,ibnlive.in
3375,2011-04-17,"Shanna(?), Jammu province","Shanna(?), Jammu province",Kashmir,landslide,downpour,medium,1,33.2599,75.8886,kashmirobserver
4452,2012-07-07,"Ladakh, Leh","Ladakh, Leh",Kashmir,landslide,downpour,medium,0,34.0123,77.9988,ndtv
6947,2015-06-21,Satpuli-Kanskhet Road in Pauri Garhwal district,Satpuli-Kanskhet Road in Pauri Garhwal district,Uttarakhand,landslide,rain,small,0,30.0261,78.6278,The Tribune India
6414,2014-02-09,Gayatri Nagar,Gayatri Nagar,Maharashtra,landslide,continuous_rain,small,1,19.2677,73.0618,Times of India
1130,2009-01-09,Chinona area in Almora district,Chinona area in Almora district,Uttarakhand,landslide,downpour,medium,3,29.7036,78.5658,ptinews
6370,2014-04-09,Mandi belt along LoC,Mandi belt along LoC,Kashmir,landslide,rain,medium,1,33.798,74.2562,International Business Times
3159,2011-01-03,"Shetani Nallah(?), Jammu-Srinagar National Highway, Jammu and Kashmir","Shetani Nallah(?), Jammu-Srinagar National Highway, Jammu and Kashmir",Kashmir,landslide,downpour,medium,0,33.2477,75.1919,ibnlive.in
5608,2013-10-16,"National Highway 109, Uttarakhand","National Highway 109, Uttarakhand",Uttarakhand,landslide,unknown,medium,0,30.5345,79.0853,www.thehindu.com
7409,2015-02-08,Meluri Sub-Division in Phek District of Nagaland,Meluri Sub-Division in Phek District of Nagaland,Nagaland,landslide,continuous_rain,medium,0,25.72,94.6219,IBN Live
5209,2013-07-26,Rishikesh-Gangotri Highway Near Dharasu-Nalupani,Rishikesh-Gangotri Highway Near Dharasu-Nalupani,Uttarakhand,landslide,rain,medium,0,30.6539,78.3366,www.business-standard.com
9219,2016-07-26,"Zunheboto, Nagaland, India","Zunheboto, Nagaland, India",Nagaland,landslide,downpour,medium,0,26.0101,94.5282,Nagaland Post
5178,2013-07-24,"Chamoli, Uttarakhand","Chamoli, Uttarakhand",Uttarakhand,landslide,continuous_rain,medium,2,30.4605,79.4774,www.livemint.com
6950,2015-06-22,Village Mohechiwadi under Karjat taluka of Raigad district,Village Mohechiwadi under Karjat taluka of Raigad district,Maharashtra,landslide,continuous_rain,medium,5,19.029,73.311,Business Standard
4875,2013-05-26,Jammu-Srinagar,Jammu-Srinagar,NCT,landslide,downpour,medium,0,28.758,77.15,www.business-standard.com
7141,2015-08-07,"Yedakumeri, Bengaluru-Mangaluru train","Yedakumeri, Bengaluru-Mangaluru train",Karnataka,landslide,rain,small,0,12.9455,75.7797,Deccan Herald
177,2007-12-08,"Himachal Pradesh, all over","Himachal Pradesh, all over",Himachal Pradesh,landslide,rain,medium,11,32.7334,77.5914,Himachal news
9008,2016-07-16,"Mathyali village, Jakhnidhar, Uttarakhand, India","Mathyali village, Jakhnidhar, Uttarakhand, India",Uttarakhand,rock_fall,rain,small,0,30.3351,78.5113,Tribune India
274,2007-09-20,"Multiple places along 31A, Tarkhola area in Kalimpong district and Sevoke in WB","Multiple places along 31A, Tarkhola area in Kalimpong district and Sevoke in WB",Bengal,landslide,rain,medium,0,27.0875,88.4572,Daily India
2579,2010-09-10,"Lower Pezielietsie(Tinpati), Kohima, Manipur","Lower Pezielietsie(Tinpati), Kohima, Manipur",Nāgāland,landslide,downpour,medium,0,25.682,94.1076,indianexpress
5100,2013-07-14,"Shimla-Nahan Highway, Dosarka, Himachal Pradesh","Shimla-Nahan Highway, Dosarka, Himachal Pradesh",Himachal Pradesh,landslide,rain,medium,0,31.673,76.5338,ibnlive.in.com
8223,2015-09-14,"Aizawl, Mizoram, India","Aizawl, Mizoram, India",Mizoram,landslide,downpour,large,0,23.7348,92.7187,The Northeast Today
1962,2010-09-06,"Shimla district, Himachal Pradesh","Shimla district, Himachal Pradesh",Himachal Pradesh,landslide,downpour,medium,0,31.09907,77.17236,Geological Survey of India
181,2007-08-13,Koti railway station,Koti railway station,Andhra Pradesh,landslide,rain,medium,0,17.3895,78.499,The hindu.com
840,2008-12-10,Lehrakapura village near Shamsabad town,Lehrakapura village near Shamsabad town,Uttar Pradesh,mudslide,rain,medium,0,27.0167,78.1333,daijiworld
5198,2013-07-25,"Quaritok, Uttarkashi, Uttarakhand","Quaritok, Uttarkashi, Uttarakhand",Uttarakhand,landslide,continuous_rain,medium,0,30.8928,78.48,www.newindianexpress.com
5347,2013-08-17,"Uttarkashi, Uttarakhand","Uttarkashi, Uttarakhand",Uttarakhand,landslide,rain,medium,0,30.7292,78.4396,www.saharasamay.com
7336,2015-08-19,NH-62 at Sibbari,NH-62 at Sibbari,Meghalaya,landslide,continuous_rain,medium,0,25.2193,90.5549,Shillong Times
9252,2016-07-28,"Dolma Lhakang complex, Lumla, Tawang,  Arunachal Pradesh, India","Dolma Lhakang complex, Lumla, Tawang,  Arunachal Pradesh, India",Arunachal Pradesh,landslide,monsoon,medium,0,27.5748,91.8644,Arunchal Times
1208,2009-02-10,"Madibag near Kadwad village, Uttara Kannada district, North Karnataka","Madibag near Kadwad village, Uttara Kannada district, North Karnataka",Karnataka,landslide,downpour,large,24,14.7812,74.499,sahilonline
7038,2015-01-07,"Khahare Khola, Kurseong","Khahare Khola, Kurseong",West Bengal,landslide,downpour,medium,0,26.8781,88.2807,The Times of India
5300,2013-09-08,"Senapati, Manipur","Senapati, Manipur",Nāgāland,landslide,downpour,large,0,25.318,94.0441,e-pao.net
5049,2013-07-07,"Mandi-Janjheli Road At Odidhar Thunag, Himachal Pradesh","Mandi-Janjheli Road At Odidhar Thunag, Himachal Pradesh",Himachal Pradesh,landslide,downpour,medium,0,31.5596,77.1679,articles.timesofindia.indiatimes.com
7665,2015-11-08,Khoupum,Khoupum,Manipur,landslide,continuous_rain,medium,0,24.7016,93.5291,E-PAO
279,2007-09-23,"NH6, Sambalpur town before Mahanadi bridge","NH6, Sambalpur town before Mahanadi bridge",Orissa,landslide,rain,medium,0,21.464,83.9462,thestatesmen.net
133,2007-07-21,Beldanga,Beldanga,Bengal,landslide,rain,medium,1,23.9304,88.2374,Zeenews.com
8571,2015-02-10,"Simhagiri Colony, Azeemabad, Pedagantyada, Visakhapatnam, Andhra Pradesh, India","Simhagiri Colony, Azeemabad, Pedagantyada, Visakhapatnam, Andhra Pradesh, India",Andhra Pradesh,landslide,downpour,medium,2,17.6874,83.1993,Business Standard
4183,2012-04-02,"Jawahar Tunnel-Patnitop stretch in Ramban district, Jammu-Srinagar highway","Jawahar Tunnel-Patnitop stretch in Ramban district, Jammu-Srinagar highway",Kashmir,landslide,downpour,medium,0,33.2424,75.2381,greaterkashmir
3737,2011-06-07,"Gangortri-Rishikesh highway, at Narendranagar in Tehri district of Uttarakhand","Gangortri-Rishikesh highway, at Narendranagar in Tehri district of Uttarakhand",Uttarakhand,landslide,downpour,medium,0,30.3214,78.0319,ibnlive.in
9475,2016-07-08,Kheri near Udhampur,Kheri near Udhampur,Kashmir,landslide,continuous_rain,medium,0,32.9041,75.0911,The Indian Express
5176,2013-07-23,"Deval, Chamoli District, Uttarakhand","Deval, Chamoli District, Uttarakhand",Uttarakhand,landslide,downpour,medium,0,30.1944,79.1939,www.dnaindia.com
7685,2015-08-13,IIT Campus in Mandi,IIT Campus in Mandi,Himachal Pradesh,landslide,unknown,medium,0,31.7756,76.9876,Telegraph
9216,2016-07-26,"Jwagdhar village, Sangrah, Sirmaur district, Himachal Pradesh, India","Jwagdhar village, Sangrah, Sirmaur district, Himachal Pradesh, India",Himachal Pradesh,rock_fall,downpour,large,2,30.6935,77.4266,Tribune India
1994,2010-06-16,"rails between Jatinga and Longrangjao(?), Assam","rails between Jatinga and Longrangjao(?), Assam",Assam,landslide,downpour,medium,0,25.0633,92.8025,ptinews
3760,2011-11-07,"NH-61, 1 km before reaching Botsa","NH-61, 1 km before reaching Botsa",Nāgāland,landslide,downpour,medium,0,25.6703,94.1095,morungexpress
5660,2013-11-24,"Kallar, Tamil Nadu","Kallar, Tamil Nadu",Tamil Nadu,rock_fall,downpour,medium,0,11.344,76.8691,articles.timesofindia.indiatimes.com
4015,2011-10-15,"Palani, Dindigul district","Palani, Dindigul district",Tamil Nadu,landslide,downpour,medium,0,10.4497,77.5206,articles.timesofindia
6310,2012-05-08,Kempty falls,Kempty falls,Uttarakhand,rock_fall,unknown,medium,0,30.4876,78.0366,Hindustan Times
6851,2015-10-03,"2 MW Sal-II hydropower project, on the outskirts of Chamba","2 MW Sal-II hydropower project, on the outskirts of Chamba",Himachal Pradesh,mudslide,downpour,medium,0,32.5612,76.1238,The Hindu
4943,2013-06-17,"Almora, Uttarakhand","Almora, Uttarakhand",Uttarakhand,landslide,downpour,medium,4,29.5987,79.6592,ibnlive.in.com
9587,2016-12-10,between Siliguri and Sevak,between Siliguri and Sevak,West Bengal,landslide,downpour,medium,0,26.8692,88.4695,Business Standard
2443,2010-09-18,"villages Pilkha(?), Devali(?), and Balta(?), Avalbagh block(?), Almora(Almorah) district, Uttarakhand","villages Pilkha(?), Devali(?), and Balta(?), Avalbagh block(?), Almora(Almorah) district, Uttarakhand",Uttarakhand,landslide,downpour,large,24,29.6042,79.5343,timesofindia.indiatimes
2183,2010-07-31,NH-22 near Taradevi,NH-22 near Taradevi,Himachal Pradesh,landslide,downpour,medium,0,31.0655,77.1325,gsi.gov
1156,2009-12-09,"Vamanapuram, Thiruvananthapuram district in the state of Kerala","Vamanapuram, Thiruvananthapuram district in the state of Kerala",Kerala,landslide,rain,medium,1,8.742,76.8902,asianetindia
4480,2012-08-17,"Kadavoor, Erakulam, Kerala","Kadavoor, Erakulam, Kerala",Kerala,landslide,downpour,medium,6,10.0011,76.7416,ibnlive.in
709,2008-12-08,Yedakumeri-Shiribagilu in the Hassan-Mangalore section of the line.,Yedakumeri-Shiribagilu in the Hassan-Mangalore section of the line.,Karnataka,landslide,rain,medium,0,12.845,75.66,daijiworld
6566,2011-08-27,Kathua-Billawar road,Kathua-Billawar road,Kashmir,landslide,downpour,medium,0,32.6188,75.3504,IBN Live
7139,2015-07-07,Kurseong,Kurseong,West Bengal,landslide,continuous_rain,medium,1,26.8826,88.2806,The Indian Express
5365,2013-08-19,"Nalupani Area Of Uttarkashi District, Uttarakhand","Nalupani Area Of Uttarkashi District, Uttarakhand",Uttarakhand,debris_flow,downpour,medium,0,30.6293,78.3303,zeenews.india.com
692,2008-07-08,"National Highway-39, Dimapur-Imphal road and another under Kiphire district of Nagaland","National Highway-39, Dimapur-Imphal road and another under Kiphire district of Nagaland",Nāgāland,landslide,downpour,medium,0,25.705,94.04,kanglaonline
3633,2011-06-20,Mokokchung,Mokokchung,Nāgāland,landslide,downpour,medium,0,26.3186,94.5121,morungexpress
703,2008-09-08,"Goa-Karnataka link, near Dudhsagar waterfall","Goa-Karnataka link, near Dudhsagar waterfall",Goa,landslide,rain,medium,0,15.15,74.11,hindu
7374,2015-01-08,Ukhrul town Circular road from Rayotang to Viewland Zone II,Ukhrul town Circular road from Rayotang to Viewland Zone II,Manipur,landslide,continuous_rain,medium,0,25.1122,94.3591,E-PAO
4446,2012-05-07,"Tuting, Upper Siang , Arunachal Pradesh","Tuting, Upper Siang , Arunachal Pradesh",Arunachal Pradesh,landslide,downpour,large,0,28.9986,94.8885,articles.timesofindia
2341,2010-08-26,"NH-31A at Topakhani tunnel(?) and fruit preservation factory(?) and Chisopani bridge(?), near Singtam and Gangtok and Rangpo, Sikkim","NH-31A at Topakhani tunnel(?) and fruit preservation factory(?) and Chisopani bridge(?), near Singtam and Gangtok and Rangpo, Sikkim",,landslide,downpour,medium,0,27.2319,88.497,thehimalayanbeacon.com
3861,2011-07-29,Uttar Pradesh,Uttar Pradesh,Uttar Pradesh,landslide,downpour,medium,6,27.5862,80.1306,articles.timesofindia
7185,2015-03-04,"3km ahead of Palchan, Manali-Palchan","3km ahead of Palchan, Manali-Palchan",Himachal Pradesh,landslide,downpour,small,0,32.2934,77.1803,The Tribune
410,2008-06-01,"Kandi Canal Project, Gandoh area, Doda district, Kashmir","Kandi Canal Project, Gandoh area, Doda district, Kashmir",Kashmir,landslide,rain,medium,1,33.1517,75.5464,naknews.co
3113,2011-02-13,"road between Rajouri(Rajauri) and Poonch(Punch), Jammu and Kashmir","road between Rajouri(Rajauri) and Poonch(Punch), Jammu and Kashmir",Kashmir,landslide,downpour,medium,0,33.577,74.1872,news.in
2098,2010-07-19,"Jahjon ward(?), Mon town, Nagaland","Jahjon ward(?), Mon town, Nagaland",Nāgāland,landslide,downpour,medium,0,26.7215,95.0283,nagalandpost
2294,2010-08-20,"Lambagad(?), Rishikesh-Badrinath highway, Uttarakhand","Lambagad(?), Rishikesh-Badrinath highway, Uttarakhand",Uttarakhand,landslide,downpour,medium,0,30.3846,78.8371,dnaindia
7616,2015-06-08,Atlanta Point,Atlanta Point,Andaman and Nicobar Islands,other,downpour,medium,0,11.6753,92.749,Echo of India
269,2007-09-18,Geyzing-Jorethang road and Naya Bazar-Legship road,Geyzing-Jorethang road and Naya Bazar-Legship road,Sikkim,landslide,rain,medium,0,27.2872,88.2816,thestatesman.net
2137,2010-07-25,Nahan roads,Nahan roads,Himachal Pradesh,landslide,downpour,medium,0,30.5589,77.2889,himvani
2309,2010-08-22,"Chandoli(?) and Karchuna(?) vilalges, Pokkhri, Chamoli, Uttarakhand, Uttranchal","Chandoli(?) and Karchuna(?) vilalges, Pokkhri, Chamoli, Uttarakhand, Uttranchal",Uttarakhand,landslide,downpour,medium,0,30.4238,79.6724,english.samaylive
2205,2010-06-08,"Dawrpui Vengthar cemetary, Aizwal, Mizoram","Dawrpui Vengthar cemetary, Aizwal, Mizoram",Mizoram,landslide,downpour,medium,0,23.7365,92.7146,gsi.gov
4610,2012-11-11,"Dapchhuah, Mamit, Mizoram","Dapchhuah, Mamit, Mizoram",Mizoram,landslide,downpour,medium,4,23.7705,92.5217,assamtribune
8680,2016-03-07,"Malshej ghat, Maharashtra, India","Malshej ghat, Maharashtra, India",Maharashtra,rock_fall,monsoon,medium,0,19.336,73.7793,Times of India
3143,2011-02-24,"Jammu-Srinagar National Highway, Digdol area, Jammu and Kashmir","Jammu-Srinagar National Highway, Digdol area, Jammu and Kashmir",Kashmir,landslide,downpour,medium,0,33.3307,75.1772,thehindu
1769,2010-04-20,"India Gate(?), Srinagar-Leh highway, Kashmir","India Gate(?), Srinagar-Leh highway, Kashmir",Kashmir,landslide,downpour,medium,0,34.38667,76.34149,Kashmir Observer
7011,2015-06-25,"NH-1A, 7km from Srinigar","NH-1A, 7km from Srinigar",Kashmir,mudslide,downpour,medium,0,34.141,74.6568,The Times of India
4920,2013-06-15,"Tapri Near Rekong Peo, Kinnaur District","Tapri Near Rekong Peo, Kinnaur District",Himachal Pradesh,landslide,downpour,medium,0,31.5168,78.0976,www.hindustantimes.com
2378,2010-03-09,"Shivpuri, Rishikesh-Badrinath hwy","Shivpuri, Rishikesh-Badrinath hwy",Uttarakhand,landslide,downpour,medium,0,30.135,78.3896,timesofindia.indiatimes
5275,2013-04-08,"Suruhuto Town, Nagaland","Suruhuto Town, Nagaland",Nāgāland,landslide,monsoon,medium,0,26.1498,94.6055,www.nagalandpost.com
2440,2010-09-17,"Maletha village, near Badrinath","Maletha village, near Badrinath",Uttarakhand,landslide,downpour,very_large,0,30.75402,79.4997,Telegraph
9468,2016-07-08,"Seri, Ramban","Seri, Ramban",Kashmir,landslide,downpour,medium,0,33.2483,75.2131,The Indian Express
9138,2016-07-21,"NH 10 between Coronation Bridge and Sevoke Kalibari, West Bengal, India","NH 10 between Coronation Bridge and Sevoke Kalibari, West Bengal, India",West Bengal,landslide,rain,medium,0,26.9015,88.4719,I Love Siliguri
3892,2011-07-08,"Panthal, Jammu-Srinagar National Highway, between Kashmir and the rest of the country","Panthal, Jammu-Srinagar National Highway, between Kashmir and the rest of the country",Kashmir,landslide,downpour,medium,0,33.0271,75.0018,Times of India
1031,2009-05-26,"Kurseong, Darjeeling, West Bengal","Kurseong, Darjeeling, West Bengal",Bengal,landslide,tropical_cyclone,medium,7,26.8836,88.2791,headlinesindia
324,2007-10-25,Salem - Yercaud ghat road,Salem - Yercaud ghat road,Tamil Nādu,landslide,rain,medium,1,11.7792,78.2034,New India Press
4240,2012-04-03,"Pithoragarh district, Uttarakhand","Pithoragarh district, Uttarakhand",Uttarakhand,landslide,unknown,medium,2,29.5798,80.2123,ibnlive.in
2247,2010-08-14,"Tuensang-Shamatore(Sampurre) rd, Nagaland","Tuensang-Shamatore(Sampurre) rd, Nagaland",Nāgāland,landslide,downpour,medium,0,26.148,94.8422,morungexpress
2176,2010-07-30,"Amboli, Belagum, 1.5 km from main waterfalls","Amboli, Belagum, 1.5 km from main waterfalls",Maharashtra,landslide,rain,medium,0,15.9517,73.9958,allaboutbelgaum.com
2181,2010-07-31,"Milimd Nagar slum, Ghatkopar area in suburban Mumbai","Milimd Nagar slum, Ghatkopar area in suburban Mumbai",Maharashtra,landslide,downpour,medium,0,19.1287,72.8889,Times of India
6964,2015-06-17,"National Highway 31A, Darjeeling Hills","National Highway 31A, Darjeeling Hills",West Bengal,landslide,downpour,small,0,27.0087,88.443,The Statesman
1149,2009-09-09,"Bilaspur and Mandi towns, Chandigarh-Manali National Highway-21, Himachal Pradesh","Bilaspur and Mandi towns, Chandigarh-Manali National Highway-21, Himachal Pradesh",Himachal Pradesh,landslide,downpour,medium,0,31.5494,76.9001,thaindian
3927,2011-08-16,"Garo Hills, Tura","Garo Hills, Tura",Meghālaya,landslide,downpour,medium,6,25.5144,90.2167,theshillongtimes.com
7127,2015-04-22,under the third and fourth Padil-Bajal under-bridge railway tracks,under the third and fourth Padil-Bajal under-bridge railway tracks,Karnataka,mudslide,downpour,small,0,12.8659,74.8852,Daji World
2476,2010-09-20,"NH-87 near Naintital, Uttarakhand","NH-87 near Naintital, Uttarakhand",Uttarakhand,landslide,downpour,medium,0,29.3987,79.4841,english.ntdtv
7308,2015-08-15,Gagnani,Gagnani,Uttarakhand,landslide,continuous_rain,medium,0,30.9111,78.6814,Times of India
3890,2011-07-08,Manali highway near Shambal village,Manali highway near Shambal village,Himachal Pradesh,landslide,downpour,medium,0,31.71457,77.02239,Times of India
2103,2010-07-20,"Badrinath and Yamunotri shrines(?), Garhwal region, Uttarakhand","Badrinath and Yamunotri shrines(?), Garhwal region, Uttarakhand",Uttarakhand,landslide,downpour,medium,0,29.9862,78.6115,dnaindia
4468,2012-07-22,"Pulloorampara, Kerala","Pulloorampara, Kerala",Kerala,landslide,downpour,medium,0,11.405,76.0376,hisz.rsoe
6924,2015-03-28,Chontinar village of central Kashmir Budgam district,Chontinar village of central Kashmir Budgam district,Kashmir,landslide,downpour,medium,0,33.95483,74.79428,Economic Times
259,2007-11-09,"Assam-Agartala National Highway, Sonarpur in Jayantiya hills of Meghalaya","Assam-Agartala National Highway, Sonarpur in Jayantiya hills of Meghalaya",Meghālaya,landslide,rain,medium,0,25.52,91.27,India times
326,2007-10-26,"Nilgiri, Nondimedu on the Ooty-Coonoor road","Nilgiri, Nondimedu on the Ooty-Coonoor road",Tamil Nadu,landslide,rain,large,0,11.4046,76.6953,India Times
6112,2014-06-28,"Kharghuli Hills, Assam","Kharghuli Hills, Assam",Assam,landslide,rain,medium,0,26.1964,91.7652,Assam Times
7174,2015-03-04,"Uri, Baramulla district","Uri, Baramulla district",Kashmir,landslide,continuous_rain,small,4,34.0886,74.0301,Rajasthan Patrika
4974,2013-06-24,"Between Rudaprayag And Guptkashi, Uttarakhand (2 Landslides)","Between Rudaprayag And Guptkashi, Uttarakhand (2 Landslides)",Uttarakhand,landslide,rain,medium,0,30.4091,79.0579,www.hindustantimes.com
5051,2013-07-07,"Mandi-Kullu Highway In Mandi, Himachal Pradesh","Mandi-Kullu Highway In Mandi, Himachal Pradesh",Himachal Pradesh,landslide,downpour,medium,0,31.7017,76.973,articles.timesofindia.indiatimes.com
2050,2010-07-07,"NH-22 beyond Recong-Peo(Reckong Peo),  Himachal Pradesh","NH-22 beyond Recong-Peo(Reckong Peo),  Himachal Pradesh",Himachal Pradesh,landslide,downpour,medium,0,31.645,78.4354,himvani
7039,2015-01-07,8 mile in Kalimpong,8 mile in Kalimpong,West Bengal,landslide,downpour,medium,0,27.0678,88.456,India Today In
231,2007-05-09,Darjeeling Hills (Lebong - 10 km from Darjeeling,Darjeeling Hills (Lebong - 10 km from Darjeeling,Bengal,landslide,rain,medium,15,27.06826,88.28121,The hindu.com
1901,2010-05-25,"Chadiyan(?) village near Uri, Baramulla district, Jammu and Kashmir","Chadiyan(?) village near Uri, Baramulla district, Jammu and Kashmir",Kashmir,landslide,downpour,medium,0,34.09,74.0256,sify.com
7594,2015-05-08,"Shantinagar, Ponda","Shantinagar, Ponda",Goa,landslide,mining,medium,0,15.3956,74.0113,Goa Herald
2268,2010-08-18,"Saraswati Shishu Mandir school(?), Sumgarh(Sumgad) village(?), Bageshwar-Pindari glacier rd 45 km from Bageshwar, Kapkot, Bageshwar, Uttarakhand","Saraswati Shishu Mandir school(?), Sumgarh(Sumgad) village(?), Bageshwar-Pindari glacier rd 45 km from Bageshwar, Kapkot, Bageshwar, Uttarakhand",Uttarakhand,complex,downpour,large,18,30.0134,79.9261,dailypioneer
7390,2015-01-08,between Tengnoupal-Sita junction and Tengnoupal Power Sub-Station,between Tengnoupal-Sita junction and Tengnoupal Power Sub-Station,Manipur,landslide,continuous_rain,medium,0,24.4265,94.1913,E-PAO
5292,2013-07-08,"Naliyani, Near Thodupuzha Town","Naliyani, Near Thodupuzha Town",Kerala,landslide,monsoon,medium,0,9.835,76.8661,www.business-standard.com
2457,2010-09-19,"Nathpa Jhulla, between Rampur and Peo, Kinnaur, Himachal Pradesh","Nathpa Jhulla, between Rampur and Peo, Kinnaur, Himachal Pradesh",Himachal Pradesh,rock_fall,downpour,medium,1,31.563,77.9796,tribuneindia
1204,2009-01-10,"Vadad-Hasol village near Rajapur in Ratnagiri district, Maharastra","Vadad-Hasol village near Rajapur in Ratnagiri district, Maharastra",Maharashtra,landslide,downpour,medium,8,16.656,73.5178,ptinews
6197,2014-08-16,Jammu and Kashmir between Adhkuwari and Bhawan at Devi Dwar,Jammu and Kashmir between Adhkuwari and Bhawan at Devi Dwar,Kashmir,landslide,downpour,medium,0,33.0272,74.9465,Hindustan Times
4912,2013-11-06,"Holy Cave Shrine, Mata Vaishno Devi, Trikuta Hills, Reasi District, Near Panchi Morh In Sanjichat Area En Route Mata Vaishno Devi","Holy Cave Shrine, Mata Vaishno Devi, Trikuta Hills, Reasi District, Near Panchi Morh In Sanjichat Area En Route Mata Vaishno Devi",Himachal Pradesh,landslide,downpour,medium,1,31.4898,76.7043,www.risingkashmir.in
7036,2015-01-07,"Mahendra village, Thana Line, Tingling Garden village in Mirik","Mahendra village, Thana Line, Tingling Garden village in Mirik",West Bengal,landslide,downpour,large,42,26.8352,88.1881,"The Hindu, Bharat Press"
1106,2009-08-20,"(Okai Tea Garden) Mirik, Darjeeling, West Bengal","(Okai Tea Garden) Mirik, Darjeeling, West Bengal",Bengal,landslide,continuous_rain,medium,2,26.8992,88.1667,beacononline.wordpress
2420,2010-09-13,"Tuikual 'C', Aizawl, Mizoram","Tuikual 'C', Aizawl, Mizoram",Mizoram,landslide,downpour,medium,1,23.72989,92.71496,Mizoram Express
264,2007-09-13,Guwahati,Guwahati,Assam,landslide,rain,medium,0,26.1833,91.8,Saharas Samay
2034,2010-04-07,"Toy Train rails between Siliguri and Darjeeling, West Bengal","Toy Train rails between Siliguri and Darjeeling, West Bengal",Bengal,landslide,rain,medium,0,26.8712,88.3052,news.oneindia
251,2007-09-09,Hingdam village in South Sikkim,Hingdam village in South Sikkim,Sikkim,landslide,rain,medium,1,27.1667,88.35,Sikkim times.com
4373,2012-05-30,Jawaharlal Nehru Marg,Jawaharlal Nehru Marg,Rajasthan,landslide,downpour,large,0,26.876,75.8101,Telegraph India
3670,2011-06-29,National highway leading to Kedarnath,National highway leading to Kedarnath,Uttarakhand,landslide,downpour,medium,0,30.67629,79.04192,IBN
6214,2014-05-10,Jorabat-Umiam route,Jorabat-Umiam route,Meghalaya,landslide,rain,medium,1,25.9702,91.8587,The Telegraph
2257,2010-08-16,"badrinath route, Lambagarh(?), Uttarakhand","badrinath route, Lambagarh(?), Uttarakhand",Uttarakhand,landslide,downpour,medium,0,30.7284,79.4971,english.ntdtv
5052,2013-07-07,"A Nullah Near The Government Hospital In Mandi, Himachal Pradesh","A Nullah Near The Government Hospital In Mandi, Himachal Pradesh",Himachal Pradesh,landslide,downpour,medium,0,31.7093,76.9297,articles.timesofindia.indiatimes.com
7329,2015-08-18,the Sikh shrine in Manikaran,the Sikh shrine in Manikaran,Himachal Pradesh,rock_fall,rain,medium,8,32.0275,77.3446,Hindustan Times
3944,2011-08-25,"Hee-Khola, Sikkim","Hee-Khola, Sikkim",,landslide,downpour,medium,2,27.7344,88.633,ibnlive.in
4411,2012-06-14,"Tathangchen, Gangtok, Sikkim","Tathangchen, Gangtok, Sikkim",Sikkim,landslide,downpour,medium,0,27.339,88.6065,isikkim.com
7296,2015-07-24,Kempty Road near Kandikhal,Kempty Road near Kandikhal,Uttarakhand,landslide,continuous_rain,medium,0,30.416,78.3415,The Times of India
2463,2010-09-19,"Theog-Kotkhai-Jubbal road, Himachal Pradesh","Theog-Kotkhai-Jubbal road, Himachal Pradesh",Himachal Pradesh,landslide,downpour,medium,0,31.1191,77.5092,himachal.us
252,2007-09-09,"Mao in Manipur, Phipema and Chunikhudima in Nagaland","Mao in Manipur, Phipema and Chunikhudima in Nagaland",Nāgāland,landslide,rain,medium,0,25.4993,94.1192,kanglaonline.com
4033,2011-03-11,"Palani-Kodaikanal Ghat road, Kodaikanal","Palani-Kodaikanal Ghat road, Kodaikanal",Tamil Nadu,landslide,downpour,medium,0,10.2445,77.5146,deccanchronicle
3578,2011-07-06,"Rishikesh-Badrinath hwy., near Sirobgarh(Sirobagad), Rudraprayag district, Uttarakhand","Rishikesh-Badrinath hwy., near Sirobgarh(Sirobagad), Rudraprayag district, Uttarakhand",Uttarakhand,landslide,downpour,medium,0,30.2414,78.908,english.samaylive
7297,2015-07-28,Kedarnath Yatra,Kedarnath Yatra,Uttarakhand,landslide,continuous_rain,small,0,30.7204,79.0758,ANI News
6842,2015-02-03,Magarkote,Magarkote,Kashmir,landslide,continuous_rain,medium,0,33.3296,75.203,Daily Excelsior
7920,2016-06-26,"Goddess Nijabankeswari Temple, Digapahandi, Ganjam district, Odisha, India","Goddess Nijabankeswari Temple, Digapahandi, Ganjam district, Odisha, India",Odisha,landslide,downpour,medium,0,19.3805,84.5699,Prameyan News 7
142,2007-07-27,Tura,Tura,Meghālaya,rock_fall,rain,large,8,25.5212,90.232,Telegraph India
7157,2015-10-07,Pahalgam,Pahalgam,Kashmir,landslide,continuous_rain,medium,2,34.0404,75.3156,onmanorama
7384,2015-01-08,"Wayang, Khengjoi","Wayang, Khengjoi",Manipur,landslide,rain,medium,0,23.9278,94.0906,Hindustan Times
211,2007-08-26,Tamenglong,Tamenglong,Manipur,mudslide,continuous_rain,medium,1,24.9667,93.55,kanglaonline.com
2046,2010-07-07,"near Rohtang Pass, Manali-Keylong rd, Himachal Pradesh","near Rohtang Pass, Manali-Keylong rd, Himachal Pradesh",Himachal Pradesh,landslide,downpour,medium,0,32.3733,77.2498,himvani
2280,2010-08-19,"Eknath(?) Chawl, Sainic Nagar(?), below Mumbra Hill, Mumbra, near Mumbai, Maharashtra","Eknath(?) Chawl, Sainic Nagar(?), below Mumbra Hill, Mumbra, near Mumbai, Maharashtra",Maharashtra,landslide,downpour,medium,6,19.1935,73.0114,dnaindia
8864,2016-07-07,"Blue Metal Quarry, Kondayanpatti, Madurai District, India","Blue Metal Quarry, Kondayanpatti, Madurai District, India",Tamil Nadu,rock_fall,mining,small,3,10.0545,78.0298,The Hindu
4384,2012-03-06,"between Haflong and  Bagetar, Assam","between Haflong and  Bagetar, Assam",Assam,landslide,downpour,medium,0,25.1775,93.0123,articles.timesofindia
6337,2014-09-09,Uhl river in Kamand area,Uhl river in Kamand area,Himachal Pradesh,landslide,unknown,large,0,31.7766,76.9832,India Today
6925,2015-03-28,Srinagar-Jammu national highway,Srinagar-Jammu national highway,Kashmir,landslide,downpour,medium,0,33.0186,75.2405,Economic Times
5234,2013-07-29,"Samroli, Udhampur District, Kashmir","Samroli, Udhampur District, Kashmir",Kashmir,rock_fall,rain,medium,0,32.9918,75.1945,articles.economictimes.indiatimes.com
7033,2015-06-29,NH-55 at Merry Villa,NH-55 at Merry Villa,West Bengal,landslide,downpour,medium,0,27.0161,88.2478,The Times of India
5294,2013-07-08,Ambalappara In Thrissur,Ambalappara In Thrissur,Kerala,landslide,monsoon,medium,0,10.3031,76.7604,www.deccanchronicle.com
4383,2012-03-06,"between Maibang and Daotohaja, Assam","between Maibang and Daotohaja, Assam",Assam,landslide,downpour,medium,0,25.3056,93.1265,articles.timesofindia
516,2008-01-05,"Kishtwar-Chatroo road, Kishtwar region of Jammu and Kashmir","Kishtwar-Chatroo road, Kishtwar region of Jammu and Kashmir",Kashmir,complex,unknown,medium,12,33.1463,75.7454,hindustantimes
3963,2011-04-09,"Kashedi ghat,  Raigad  Maharashtra (used Raigad Fort for lat lon)","Kashedi ghat,  Raigad  Maharashtra (used Raigad Fort for lat lon)",Maharashtra,landslide,rain,small,0,17.9031,73.4361,articles.timesofindia
8892,2015-10-31,Arthanareeswarar Temple,Arthanareeswarar Temple,Tamil Nadu,landslide,downpour,small,0,11.374,77.8987,The Hindu
4335,2012-04-24,"Srinagar-Jammu Highway, Ramban, jammu","Srinagar-Jammu Highway, Ramban, jammu",Kashmir,landslide,downpour,medium,0,33.2413,75.2381,ibnlive.in
571,2008-06-06,"Jetty, Desterovaddo, Bharatline-Tarivaddo and Harbour, Vasco, Goa","Jetty, Desterovaddo, Bharatline-Tarivaddo and Harbour, Vasco, Goa",Goa,landslide,rain,medium,0,15.3925,73.8377,goacom
6338,2014-11-09,Ramban district,Ramban district,Kashmir,landslide,unknown,small,0,33.2611,75.2138,ANI News
7375,2015-01-08,Ukhrul NH 201-Jessami road,Ukhrul NH 201-Jessami road,Manipur,landslide,continuous_rain,medium,0,25.1941,94.4481,E-PAO
5280,2013-05-08,"Thadiyambadu Near Painavu, Kerala","Thadiyambadu Near Painavu, Kerala",Kerala,landslide,monsoon,medium,2,9.879,76.9683,www.deccanchronicle.com
5636,2013-11-13,Maharashtra,Maharashtra,Maharashtra,landslide,downpour,medium,0,18.7654,73.364,www.indiaglitz.com
2729,2010-11-16,"road near Saverikadu village(?), between Palani and Kodaikanal, Tamil Nadu province","road near Saverikadu village(?), between Palani and Kodaikanal, Tamil Nadu province",Tamil Nadu,landslide,downpour,medium,0,10.3184,77.5277,hindu
2163,2010-07-29,"Maram area in Senapati district, National Highway 39","Maram area in Senapati district, National Highway 39",Nāgāland,landslide,downpour,medium,0,25.4196,94.1054,assamtribune
6967,2015-06-13,"Darjeeling Heritage Railway, Darjeeling","Darjeeling Heritage Railway, Darjeeling",West Bengal,landslide,downpour,medium,0,27.0165,88.2476,Ani News
7238,2015-07-19,Talakebail in Vajralli gram panchayat in Yellapur,Talakebail in Vajralli gram panchayat in Yellapur,Karnataka,landslide,continuous_rain,small,0,14.8937,74.5828,Sahil Online
3932,2011-08-18,Botsa  and Chiechama,Botsa  and Chiechama,Nāgāland,landslide,monsoon,medium,0,25.83,94.13,thenewsofindia
9141,2016-06-15,"Vazhavara, Idukki, Kerala, India","Vazhavara, Idukki, Kerala, India",Kerala,rock_fall,downpour,medium,2,9.7967,77.0611,Times Of India
7302,2015-07-28,Mount Abu,Mount Abu,Rajasthan,landslide,continuous_rain,small,0,24.5938,72.7308,NDTV
7270,2015-07-24,Pithoragarh,Pithoragarh,Uttarakhand,landslide,continuous_rain,small,0,29.5863,80.2186,NDTV
4861,2013-12-05,"Khongsang, Tamenglong, Manipur,","Khongsang, Tamenglong, Manipur,",Assam,mudslide,rain,medium,0,24.9926,93.4946,www.e-pao.net
1093,2009-08-16,"Phagutar near Mahanadi, 12km from Kurseong, Siliguri district, Darjeeling","Phagutar near Mahanadi, 12km from Kurseong, Siliguri district, Darjeeling",Bengal,landslide,downpour,medium,1,26.88212,88.31953,beacononline.wordpress
7972,2015-08-28,"Mizoram, India","Mizoram, India",Mizoram,landslide,downpour,large,0,23.4495,92.8112,The Indian Express
3831,2011-07-22,Heibok Hills,Heibok Hills,Manipur,landslide,downpour,medium,0,24.7992,93.948,e-pao.net
5584,2013-06-10,"Nilachal Hill, Guwahati, Assam","Nilachal Hill, Guwahati, Assam",Assam,landslide,downpour,medium,0,26.1665,91.7049,articles.timesofindia.indiatimes.com
2364,2010-08-30,"Ambedkar Nagar slum(?), Ulhasnagar city, Thane district, Maharashtra","Ambedkar Nagar slum(?), Ulhasnagar city, Thane district, Maharashtra",Maharashtra,landslide,downpour,medium,4,19.2179,73.1694,mumbaimirror
6908,2015-03-15,Doda-Bhaderwah highway,Doda-Bhaderwah highway,Kashmir,landslide,unknown,medium,0,33.0977,75.5787,Tribune
3252,2011-03-19,"Jammu-Srinagar hwy, Sheeri(?), Ramban, Jammu and Kashmir","Jammu-Srinagar hwy, Sheeri(?), Ramban, Jammu and Kashmir",Kashmir,landslide,downpour,medium,0,33.2466,75.1611,pakistantimes
1986,2010-06-15,"Fazl Ali College, Mokokchung, Nagaland","Fazl Ali College, Mokokchung, Nagaland",Nāgāland,landslide,downpour,medium,0,26.3335,94.5512,morungexpress
5264,2013-04-08,Kerala,Kerala,Kerala,mudslide,downpour,large,0,10.3228,76.4319,articles.timesofindia.indiatimes.com
7387,2015-01-08,Imphal-Ukhrul road,Imphal-Ukhrul road,Manipur,landslide,continuous_rain,small,0,24.954,94.2156,E-PAO
5171,2013-07-23,"Vengola, Kerala","Vengola, Kerala",Kerala,rock_fall,unknown,small,2,10.0533,76.4788,articles.timesofindia.indiatimes.com
2573,2010-09-10,"Haflong, Assam","Haflong, Assam",Assam,mudslide,downpour,medium,1,25.1796,93.0083,dnaindia
319,2007-10-19,"Maram-Purul Road, Karong Assembly Constituency of Senapati district, Manipur","Maram-Purul Road, Karong Assembly Constituency of Senapati district, Manipur",Nāgāland,landslide,rain,medium,0,25.4379,94.1162,e-Pao.net
7261,2015-07-21,Rumtse along the Manali-Leh highwa,Rumtse along the Manali-Leh highwa,Kashmir,landslide,continuous_rain,small,0,33.616,77.7652,The Indian Express
3859,2011-07-29,Kedarnath yatra,Kedarnath yatra,Uttarakhand,landslide,downpour,medium,0,30.012,78.197,ibnlive.in
2056,2010-11-07,roads from Manali to Rohtang pass,roads from Manali to Rohtang pass,Himachal Pradesh,landslide,downpour,medium,0,32.304,77.2106,timesofindia.indiatimes
313,2007-10-16,"NH-39 at Piphema,  6 km towards Dimapur from Kohima in Nagaland","NH-39 at Piphema,  6 km towards Dimapur from Kohima in Nagaland",Nāgāland,landslide,rain,large,0,25.7055,94.0132,kanglaonline.com
2456,2010-09-19,"near Bagri Glacier(?), Gopeswar(Gopeshwar), Chamoli district, Uttarakhand","near Bagri Glacier(?), Gopeswar(Gopeshwar), Chamoli district, Uttarakhand",Uttarakhand,landslide,downpour,medium,0,30.7991,79.4356,Telegraph India
9010,2016-07-16,"Hoj-Potin Highway, Arunachal Pradesh, India","Hoj-Potin Highway, Arunachal Pradesh, India",Arunachal Pradesh,mudslide,downpour,medium,1,27.3034,93.804,Arunachal Times
2539,2010-03-10,"Mosing village, Upper Siang district, Arunachal Pradesh","Mosing village, Upper Siang district, Arunachal Pradesh",Arunāchal Pradesh,landslide,downpour,medium,10,28.3092,95.4149,gsi.gov
1043,2009-06-29,"Adoshi tunnel,  Khandala Ghat, on Pune-Mumbai Expressway","Adoshi tunnel,  Khandala Ghat, on Pune-Mumbai Expressway",Maharashtra,rock_fall,continuous_rain,medium,1,18.7591,73.3852,timesofindia.indiatimes
6331,2014-08-09,Kiphire-Seyochung road near Yangzitong village,Kiphire-Seyochung road near Yangzitong village,Nagaland,mudslide,unknown,medium,0,25.9466,94.6279,Nagaland Post
5485,2013-08-09,"Chungthang, Sikkim","Chungthang, Sikkim",,rock_fall,rain,medium,1,27.6047,88.6463,articles.timesofindia.indiatimes.com
4764,2013-02-22,Jammu Srinagar Roadways - Between Banihal And Patnitop,Jammu Srinagar Roadways - Between Banihal And Patnitop,Kashmir,landslide,snowfall_snowmelt,medium,0,33.4372,75.2027,www.ndtv.com
94,2007-06-15,National Highway 31A at Sevoke,National Highway 31A at Sevoke,Bengal,landslide,rain,medium,0,26.8096,88.526,Kalimpong.info
1958,2010-08-06,"Kamraj Nagar slum at Sion-Koliwada, Antop Hill, Mumbai","Kamraj Nagar slum at Sion-Koliwada, Antop Hill, Mumbai",Maharashtra,landslide,monsoon,medium,2,19.0176,72.8562,mumbaimirror
99,2007-06-25,Mumbai,Mumbai,Maharashtra,landslide,rain,medium,2,19.0298,72.9104,United Nations Development Programme - Relief Web
1498,2010-10-02,"Road between Srinagar and Muzaffarabad near Kaman post in Baramulla district, Kashmir","Road between Srinagar and Muzaffarabad near Kaman post in Baramulla district, Kashmir",Kashmir,landslide,rain,medium,0,34.151,74.1213,dailymailnews.com
1768,2010-04-20,"Kanipathri(?), Srinagar-Leh highway, Kashmir","Kanipathri(?), Srinagar-Leh highway, Kashmir",Kashmir,landslide,downpour,medium,0,34.38663,76.34159,Kashmir Observer
162,2007-07-08,Canacona,Canacona,Goa,landslide,rain,medium,0,15.0296,74.0253,navhindtimes.com
1987,2010-06-15,"rails between Mahur and Wadringdisa(?), Assam","rails between Mahur and Wadringdisa(?), Assam",Assam,landslide,downpour,medium,0,25.2269,93.1658,ptinews
6432,2014-04-08,Thana village,Thana village,Haryana,complex,downpour,medium,0,30.709,76.9834,Times of India
5062,2013-08-07,"Mundral In Kishtwar District, Jammu And Kashmir","Mundral In Kishtwar District, Jammu And Kashmir",Kashmir,mudslide,downpour,medium,2,33.3118,75.7525,zeenews.india.com
5073,2013-10-07,"Debram Chawl, Antop Hill Near Sheikh Mistry Dargah Road, Central Mumbai","Debram Chawl, Antop Hill Near Sheikh Mistry Dargah Road, Central Mumbai",Maharashtra,landslide,downpour,medium,5,19.0222,72.8663,indiatoday.intoday.in
2043,2010-06-07,"Mon, Nagaland","Mon, Nagaland",Nāgāland,mudslide,monsoon,medium,0,26.7225,95.0281,morungexpress
7910,2015-01-08,Chandel,Chandel,Manipur,landslide,unknown,medium,0,24.3481,94.1146,E-Pao
9448,2016-05-08,Bangapani area of Pithoragarh,Bangapani area of Pithoragarh,Uttarakhand,rock_fall,downpour,small,1,29.5866,80.2154,Business Standard
3745,2011-08-07,Between Manali and Rohtang,Between Manali and Rohtang,Himachal Pradesh,landslide,rain,medium,0,30.9209,77.0206,ibnlive.in
6775,2015-02-14,Kailashpur hill,Kailashpur hill,Assam,landslide,mining,small,1,26.1468,91.6469,Telegraph
1776,2010-04-21,Shillong-Jowai(Jwai)-Badarpur National Highway(NH 44) at Sunapur village in Jaintia Hills District,Shillong-Jowai(Jwai)-Badarpur National Highway(NH 44) at Sunapur village in Jaintia Hills District,Meghālaya,landslide,downpour,medium,0,25.3612,92.2845,hmar.in
6786,2015-02-19,"Hailākāndi : Two labourers died while another was injured in a landslide in Assam's Hailakandi district, the police said today.",,Assam,landslide,mining,medium,2,24.6108,92.562,Business Standard
6291,2014-09-21,National Highway 51,National Highway 51,Meghalaya,landslide,continuous_rain,large,0,25.7354,90.3852,Indian Express
6213,2014-09-24,Meghalaya,Meghalaya,Meghalaya,landslide,continuous_rain,large,0,25.8143,90.5763,The New Indian Express
2415,2010-12-09,power lines 5 km from Kohima,power lines 5 km from Kohima,Nāgāland,landslide,downpour,medium,0,25.63962,94.11112,Telegraph
5970,2014-03-20,Ramban,Ramban,Kashmir,landslide,unknown,medium,0,33.2355,75.2449,The Times Of India
9336,2016-05-18,"Ramchandi , Hailakandi District, Assam, India","Ramchandi , Hailakandi District, Assam, India",Assam,landslide,continuous_rain,small,1,24.5308,92.5121,Indian Express
6907,2015-03-21,Chena Bhati in Karara,Chena Bhati in Karara,Kashmir,landslide,continuous_rain,medium,0,33.1754,75.8103,Tribune
9604,2016-12-10,Legship,Legship,Sikkim,landslide,continuous_rain,medium,0,27.2676,88.2891,Indian Express
5233,2013-07-29,"Samroli, Udhampur District, Kashmir","Samroli, Udhampur District, Kashmir",Kashmir,landslide,rain,small,0,32.9918,75.1945,articles.economictimes.indiatimes.com
1170,2009-09-18,Tindharia and Rong Tong,Tindharia and Rong Tong,Bengal,landslide,rain,medium,0,26.8342,88.2798,beacononline.wordpress
3577,2011-07-06,"road to Badrinath shrine, Uttarakhand","road to Badrinath shrine, Uttarakhand",Uttarakhand,landslide,downpour,medium,0,30.5319,79.3541,ibnlive.in
796,2008-09-19,Anni and Nahan,Anni and Nahan,Himachal Pradesh,landslide,downpour,medium,6,30.56,77.3,indianexpress
7837,2015-08-27,three graveyards within Aizawl,three graveyards within Aizawl,Mizoram,landslide,downpour,medium,0,23.7269,92.7265,Indian Express
7267,2015-07-22,NH-2 between Senapati and Mao,NH-2 between Senapati and Mao,Manipur,landslide,continuous_rain,small,0,25.3908,94.0926,The Sangai Express
4848,2013-08-05,"Purba Simna, Tripura","Purba Simna, Tripura",Tripura,landslide,rain,medium,1,24.0896,91.4663,www.upi.com
2018,2010-07-22,New Mhada Complex in Dindoshi,New Mhada Complex in Dindoshi,Maharashtra,landslide,continuous_rain,medium,0,19.17378,72.88274,The Times of India
3617,2011-06-17,Pankhabari and Rohini routes in Kurseong,Pankhabari and Rohini routes in Kurseong,Bengal,landslide,continuous_rain,medium,0,26.84851,88.26182,Times of India
2475,2010-09-20,"roads between Jubbal and Rohru, Shimla, Himachal Pradesh","roads between Jubbal and Rohru, Shimla, Himachal Pradesh",Himachal Pradesh,landslide,downpour,medium,0,31.1581,77.7155,sify.com
5241,2013-07-31,"Salut, Almora, Uttarakhand","Salut, Almora, Uttarakhand",Uttarakhand,landslide,downpour,medium,0,29.5952,79.6625,www.hindustantimes.com
9122,2016-07-20,"Noonmati, Guwahati, Assam, India","Noonmati, Guwahati, Assam, India",Assam,landslide,rain,medium,0,26.1966,91.802,Times of India
9096,2015-12-19,Thatichetlapalem,Thatichetlapalem,Andhra Pradesh,landslide,downpour,medium,4,17.7345,83.2884,Business Standard
222,2007-01-09,Maharashta on Konkan Railway between Nivsur and Ratnagiri,Maharashta on Konkan Railway between Nivsur and Ratnagiri,Maharashtra,landslide,rain,medium,1,17.2634,73.5446,The hindu.com
3667,2011-06-29,"Manali-Rohtang road, at Raninalah, Himachal Pradesh","Manali-Rohtang road, at Raninalah, Himachal Pradesh",Himachal Pradesh,landslide,continuous_rain,medium,0,32.2282,77.1898,ibnlive.in
4472,2012-08-14,"Uttarkashi, Uttarakhand,","Uttarkashi, Uttarakhand,",Uttarakhand,landslide,downpour,medium,0,30.7362,78.44,ibnlive.in
2574,2010-09-10,"between Mahur and Maigrandisa(?) or Lumding, Assam","between Mahur and Maigrandisa(?) or Lumding, Assam",Assam,landslide,downpour,medium,0,25.4749,93.1477,dnaindia
8482,2016-02-07,"Highway 22, near Borag Bypass, near Solan, Himachal Pradesh, India","Highway 22, near Borag Bypass, near Solan, Himachal Pradesh, India",Himachal Pradesh,rock_fall,downpour,medium,1,30.89222,77.09003,India Today
6282,2014-09-22,Lalmati,Lalmati,Assam,landslide,rain,small,1,26.1097,91.7747,Assam Tribune
2263,2010-08-17,"Dikhu bridge(?), Mokokchung-Tuensang road, Nagaland","Dikhu bridge(?), Mokokchung-Tuensang road, Nagaland",Nāgāland,landslide,downpour,medium,0,26.2753,94.6654,morungexpress
3793,2011-07-17,At the Talgaon cutting between Sindhudurg and Kudal section of the Konkan Railway,At the Talgaon cutting between Sindhudurg and Kudal section of the Konkan Railway,Maharashtra,landslide,downpour,small,0,15.8513,73.8161,articles.timesofindia
620,2008-06-30,Kalimpong,Kalimpong,Bengal,landslide,downpour,medium,0,27.0771,88.482,dailyindia
7224,2015-07-19,"Varunavat Mountain, Uttarkashi","Varunavat Mountain, Uttarkashi",Uttarakhand,landslide,continuous_rain,medium,0,30.73,78.4378,The Financial Express
4210,2012-02-19,"Khooni Nullah on the Srinagar-Jammu Highway, Ramban District","Khooni Nullah on the Srinagar-Jammu Highway, Ramban District",Kashmir,complex,unknown,medium,6,33.2361,75.2441,sananews
4932,2013-06-16,"7 Km Of Road, Between Kasang And Akpa","7 Km Of Road, Between Kasang And Akpa",Himachal Pradesh,landslide,downpour,medium,0,31.348,77.4614,www.business-standard.com
416,2008-07-01,"between Banihal and Batote, Udhampur, National Highway, Jammu","between Banihal and Batote, Udhampur, National Highway, Jammu",Kashmir,landslide,rain,medium,0,33.4341,75.1923,tribuneindia
6289,2014-09-22,Pamohi,Pamohi,Assam,landslide,rain,small,0,26.1001,91.6849,Assam Tribune
9087,2016-07-19,"5 km off Sangam point on Aalo- Pangin road, Arunachal Pradesh, India","5 km off Sangam point on Aalo- Pangin road, Arunachal Pradesh, India",Arunachal Pradesh,landslide,downpour,medium,0,28.235,94.9612,NELive
3885,2011-06-08,Kanamala in Erumeli Panchayat,Kanamala in Erumeli Panchayat,Kerala,landslide,downpour,medium,0,9.49739,76.86964,Hindu
3620,2011-06-17,Near Nivar station in the Ratnagiri district of Maharashtra,Near Nivar station in the Ratnagiri district of Maharashtra,Maharashtra,landslide,downpour,medium,0,17.0032,73.3572,mangalorean.com
166,2007-09-08,Mangalore,Mangalore,Karnataka,landslide,rain,medium,0,12.8733,74.8481,Daijiworld.com
2279,2010-08-19,"NH 31A at Likhuvir(?), near Teesta Bazar, 42nd Km marker(?), Kalimpong, West Bengal cutting off Sikkim and Kalimpong","NH 31A at Likhuvir(?), near Teesta Bazar, 42nd Km marker(?), Kalimpong, West Bengal cutting off Sikkim and Kalimpong",Bengal,landslide,downpour,medium,0,26.9722,88.4481,newkerala
8032,2016-06-29,"Nandprayag, Uttarakhand, India","Nandprayag, Uttarakhand, India",Uttarakhand,landslide,downpour,medium,0,30.3299,79.3206,First Post
717,2008-08-15,Riasi district of Jammu and Kashmir,Riasi district of Jammu and Kashmir,Kashmir,landslide,downpour,medium,0,33.0,74.9277,timesofindia.indiatimes
183,2007-08-14,"Himachal Pradesh, Shimla district, Ghanvi village","Himachal Pradesh, Shimla district, Ghanvi village",Rajasthan,complex,downpour,very_large,52,26.2208,73.6106,One India
5650,2013-11-17,"Tirumala, Andhra Pradesh","Tirumala, Andhra Pradesh",Andhra Pradesh,rock_fall,downpour,medium,0,13.6529,79.3439,newindianexpress.com
1030,2009-05-26,"Darjeeling Sadar, Darjeeling West Bengal","Darjeeling Sadar, Darjeeling West Bengal",Bengal,landslide,tropical_cyclone,medium,14,27.04357,88.26522,headlinesindia
4913,2013-11-06,"Srinagar-Jammu Highway, Ramban District","Srinagar-Jammu Highway, Ramban District",Himachal Pradesh,landslide,rain,small,0,31.4881,76.6702,www.greaterkashmir.com
7294,2015-07-24,Kempty Road near Kempty Falls,Kempty Road near Kempty Falls,Uttarakhand,landslide,continuous_rain,small,0,30.4528,78.1045,The Times of India
3566,2011-02-06,"Munnar, Idukki district, Kerala","Munnar, Idukki district, Kerala",Kerala,landslide,downpour,medium,0,10.0838,77.0696,ibnlive.in
130,2007-07-19,Guwahati,Guwahati,Assam,landslide,rain,medium,6,26.1699,91.7986,Saharas Samay
